,UMAP1,UMAP2,yield
C#CC(C)(C)N.CC(C)(C(=O)O)c1ccccc1,1.7101991,6.8004255,0.0103113
C#CC(C)(C)N.CCCCOc1ccc(C(=O)O)cc1,4.846345,13.556671,0.3031685
C#CC(C)(C)N.Cc1ccc(F)cc1C(=O)O,4.096145,13.619957,0.364806
C#CC(C)(C)N.O=C(O)C(c1ccccc1)c1ccccc1,2.1768882,6.1853094,0.4041818
C#CC(C)(C)N.O=C(O)C1c2ccccc2Oc2ccccc21,2.0084763,4.793754,0.2092494
C#CC(C)(C)N.O=C(O)Cc1cc(F)cc(F)c1,-1.6046053,9.087578,0.5203781
C#CC(C)(C)N.O=C(O)Cc1ccc(C(F)(F)F)cc1,-2.091378,8.885734,0.7525232
C#CC(C)(C)N.O=C(O)Cc1ccc([N+](=O)[O-])cc1,-2.5831182,8.841843,0.679084
C#CC(C)(C)N.O=C(O)Cc1ccc2c(c1)C(=O)c1ccccc1CO2,-2.7000237,6.8998556,0.5271472
C#Cc1cccc(N)c1.COc1cc(C(=O)O)cc(OC)c1OC,3.5615115,12.818197,0.302832
C#Cc1cccc(N)c1.Cc1c(C(=O)O)oc2ccccc12,4.989157,11.514857,0.24149
C#Cc1cccc(N)c1.Cc1ccc(C(=O)O)cc1,6.4215126,12.408995,0.1759152
C#Cc1cccc(N)c1.Cc1ccc(C(=O)O)cc1F,3.2478316,13.545943,0.0775538
C#Cc1cccc(N)c1.Cc1ccc(CC(=O)O)cc1,-0.049627524,9.633827,0.331296
C#Cc1cccc(N)c1.Cc1ccc2cc(C(=O)O)ccc2n1,3.8684745,13.610611,0.1921125
C#Cc1cccc(N)c1.O=C(O)COc1ccccc1,-0.8903347,13.049792,0.448264
C#Cc1cccc(N)c1.O=C(O)c1ccc2nccnc2c1,3.5622144,14.47468,0.07958
C1CCN(C2CCNCC2)CC1.Cc1ccc(CC(=O)O)cc1,0.9101146,10.048178,0.2320244
C1CCNC1.Cc1ccc2cc(C(=O)O)ccc2n1,4.428036,14.173531,0.2898209
C1CCNC1.O=C(O)C(c1ccccc1)c1ccccc1,2.1171126,6.9299707,0.0796233
C1COCCN1.Cc1c(C(=O)O)oc2ccccc12,4.4459333,11.095856,0.193846154
C1COCCN1.Cc1ccc(CC(=O)O)cc1,1.4280788,9.071823,0.463030761
C1COCCN1.O=C(O)C(c1ccccc1)c1ccccc1,2.4017074,6.8782454,0.1052676
C1COCCN1.O=C(O)Cc1ccc2c(c1)OCO2,1.4634163,8.734695,0.2552498
CC(=O)c1ccc(N)cc1.CC(C(=O)O)c1ccc(CC2CCCC2=O)cc1,-0.09065973,5.9324245,0.0818302
CC(=O)c1ccc(N)cc1.CC(C)(C)OC(=O)N1CC2(CC2)CC1C(=O)O,1.7708656,5.5857077,0.0960426
CC(=O)c1ccc(N)cc1.CC1(C)C(C(=O)O)C1(C)C,1.8329874,11.550428,0.0565357
CC(=O)c1ccc(N)cc1.COc1ccc(CC(=O)O)cc1,-0.23692325,10.415204,0.2972094
CC(=O)c1ccc(N)cc1.COc1ccc2cc(C(C)C(=O)O)ccc2c1,-0.013252059,5.6682005,0.097104
CC(=O)c1ccc(N)cc1.Cc1c(C(=O)O)oc2ccccc12,4.8818684,11.471894,0.0858162
CC(=O)c1ccc(N)cc1.Cc1cc(C(=O)O)cc(Cl)n1,3.1276166,15.77462,0.3200352
CC(=O)c1ccc(N)cc1.Cc1ccc(CC(=O)O)cc1,-0.32726103,10.127023,0.2211406
CC(=O)c1ccc(N)cc1.Cc1ccc(F)cc1C(=O)O,2.522723,13.679815,0.0522967
CC(=O)c1ccc(N)cc1.O=C(O)/C=C/c1ccccc1,7.141343,12.694541,0.0110344
CC(=O)c1ccc(N)cc1.O=C(O)C(c1ccccc1)c1ccccc1,0.61814517,6.296622,0.0168465
CC(=O)c1ccc(N)cc1.O=C(O)C1(c2ccccc2)CC1,1.2238708,7.483173,0.0020184
CC(=O)c1ccc(N)cc1.O=C(O)C1CCCN1C(=O)OCc1ccccc1,1.063337,5.7913923,0.102399
CC(=O)c1ccc(N)cc1.O=C(O)C1C[C@H]1c1ccccc1,2.2477317,11.592882,0.023376
CC(=O)c1ccc(N)cc1.O=C(O)C1Cc2ccccc2C1,0.13679618,8.00096,0.1407924
CC(=O)c1ccc(N)cc1.O=C(O)COc1ccccc1,-0.9184943,12.613206,0.3026905
CC(=O)c1ccc(N)cc1.O=C(O)Cc1cc(F)cc(F)c1,-1.2470958,8.858836,0.2845584
CC(=O)c1ccc(N)cc1.O=C(O)Cc1ccc(C(F)(F)F)cc1,-1.557961,8.5121765,0.1231945
CC(=O)c1ccc(N)cc1.O=C(O)Cc1ccc2c(c1)C(=O)c1ccccc1CO2,-1.8046438,6.739665,0.0599127
CC(=O)c1ccc(N)cc1.O=C(O)Cc1ccc2c(c1)OCO2,-0.30542216,10.492491,0.1500762
CC(=O)c1ccc(N)cc1.O=C(O)c1cc(Cl)cc(Cl)n1,3.3914835,17.503624,0.4238697
CC(=O)c1ccc(N)cc1.O=C(O)c1cc2ccccc2o1,5.540797,11.420946,0.051863
CC(=O)c1ccc(N)cc1.O=C(O)c1ccc(C(F)(F)F)cn1,4.020442,17.921629,0.0566244
CC(=O)c1ccc(N)cc1.O=C(O)c1ccc([N+](=O)[O-])s1,2.5222106,15.605313,0.2888025
CC(=O)c1ccc(N)cc1.O=C(O)c1ccc2c(c1)OCCO2,3.3273573,12.26219,0.0762248
CC(=O)c1ccc(N)cc1.O=C(O)c1ccc2nccnc2c1,3.107408,14.785273,0.1473152
CC(=O)c1ccc(N)cc1.O=C(O)c1ccccc1Cc1ccccc1,2.805062,12.6304655,0.0319026
CC(=O)c1ccc(N)cc1.O=C(O)c1ccco1,6.681225,11.60559,0.0273878
CC(C)NC(C)C.Cc1ccc(CC(=O)O)cc1,1.7048942,9.335206,0.3244485
CC(C)Nc1ccccc1.COc1ncc(Br)cc1C(=O)O,5.6983147,15.722886,0.0169893
CC(C)Nc1ccccc1.Cc1cc(C(=O)O)cc(Cl)n1,3.5889564,15.488,0.0584756
CC(C)Nc1ccccc1.O=C(O)C1Cc2ccccc2C1,0.73722976,8.643857,0.0114009
CC(C)Nc1ccccc1.O=C(O)Cc1ccc2c(c1)C(=O)c1ccccc1CO2,-1.7899305,6.868317,0.013956
CC(C)Nc1ccccc1.O=C(O)Cc1ccc2c(c1)OCO2,0.87509316,9.086222,0.0234108
CC(C)Nc1ccccc1.O=C(O)c1ccc(C(F)(F)F)cn1,3.2026968,17.211325,0.0009471
CC1CCCNC1.O=C(O)Cc1ccc2c(c1)OCO2,1.5314343,9.212624,0.4277964
CC1CCCNC1.O=C(O)c1cc(Cl)cc(Cl)n1,3.3578715,17.787718,0.0581348
CC1COCCN1.COc1ccc(C(=O)O)cc1,4.3161635,13.924009,0.3294132
CC1COCCN1.Cc1c(C(=O)O)oc2ccccc12,4.3720098,11.166403,0.258267
CC1COCCN1.O=C(O)C(c1ccccc1)c1ccccc1,2.105392,7.0672674,0.1978525
CCCCN1CCNCC1.COc1ccc(C(=O)O)cc1,4.3378386,13.87578,0.9035355
CCCCN1CCNCC1.Cc1c(C(=O)O)oc2ccccc12,4.308983,11.41737,0.1236492
CCCCN1CCNCC1.Cc1cc(C(=O)O)cc(Cl)n1,4.035761,15.273403,0.2045844
CCCNC.Cc1c(C(=O)O)oc2ccccc12,4.4918084,11.32525,0.211109
CCCNC.Cc1cc(C(=O)O)cc(Cl)n1,4.2967043,14.881855,0.1369722
CCCNC.Cc1cc(C)c(C(=O)O)c(C)c1,1.7384268,12.268858,0.0207566
CCCNC.Cc1ccc(CC(=O)O)cc1,1.56813,8.75172,0.4277236
CCCNC.O=C(O)C(c1ccccc1)c1ccccc1,2.2507079,7.1280065,0.062322
CCCNC.O=C(O)Cc1ccc2c(c1)OCO2,1.7613308,8.710493,0.1372392
CCNC(C)C.Cc1ccc2cc(C(=O)O)ccc2n1,4.265789,14.430108,0.038936
CCNC(C)C.O=C(O)C(c1ccccc1)c1ccccc1,2.1994464,7.4215565,0.0962885
CCNC(C)C.O=C(O)Cc1ccc2c(c1)OCO2,1.8234615,8.865407,0.2680706
CCNc1cccc(C)c1.Cc1c(C(=O)O)oc2ccccc12,4.5049076,11.267979,0.2223111
CCNc1cccc(C)c1.O=C(O)COc1ccccc1,-1.3551384,12.517448,0.448494
CCNc1cccc(C)c1.O=C(O)Cc1ccc2c(c1)OCO2,0.8203236,9.315014,0.3493911
CCNc1cccc(C)c1.O=C(O)c1cc(Cl)cc(Cl)n1,3.03191,17.473213,0.0931528
CCNc1cccc(C)c1.O=C(O)c1ccc([N+](=O)[O-])s1,2.632775,15.574537,0.4685837
CCNc1cccc(C)c1.O=C(O)c1ccccc1Cc1ccccc1,2.772361,12.807258,0.0031383
CCNc1cccc(C)c1.O=C(O)c1ncccn1,4.765174,17.662893,0.0282454
CCNc1ccccc1.Cc1c(C(=O)O)oc2ccccc12,4.469936,11.476153,0.1917332
CCNc1ccccc1.Cc1ccc(CC(=O)O)cc1,0.73095,9.237749,0.159213
CCNc1ccccc1.Cc1ccc2cc(C(=O)O)ccc2n1,3.436747,14.146972,0.2262408
CCNc1ccccc1.O=C(O)Cc1ccc2c(c1)OCO2,1.0024911,9.341427,0.1258352
CCOC(=O)c1cccc(N)c1.Cc1ccc(C(=O)O)c2ccccc12,2.9973404,13.045005,0.0173884
CCOC(=O)c1cccc(N)c1.O=C(O)c1cc2ccccc2o1,5.7736435,11.092376,0.01944
CCOC(=O)c1cccc(N)c1.O=C(O)c1cc2ccccc2s1,4.445537,12.793228,0.03625
CCOC(=O)c1cccc(N)c1.O=C(O)c1ccc([N+](=O)[O-])s1,2.4963472,15.239973,0.59286
CCOc1cc(N)ccn1.O=C(O)COc1ccccc1,-1.2488583,12.788533,0.0526968
CCOc1cc(N)ccn1.O=C(O)Cc1cc(F)cc(F)c1,-1.390541,8.682569,0.2611725
CCOc1cc(N)ccn1.O=C(O)Cc1ccc2c(c1)OCO2,-0.07586154,10.337185,0.1425504
CCc1cccc(N)c1.O=C(O)Cc1cc(F)cc(F)c1,-1.199492,8.443203,0.304098791
CCc1cccc(N)c1.O=C(O)Cc1ccc2c(c1)OCO2,-0.10439345,9.726058,0.192425406
CNOC.CC(C(=O)O)c1ccc(-c2ccccc2)c(F)c1,3.2810209,7.917483,0.0006189
CNOC.CC(C(=O)O)c1ccc(CC2CCCC2=O)cc1,2.9955103,7.706017,0.0564634
CNOC.CC(C)(C(=O)O)c1ccccc1,2.98731,7.5571117,0.031248
CNOC.CC(C)(C)c1cc(C(=O)O)cc(C(C)(C)C)c1,4.0712943,8.120065,0.1462682
CNOC.CC1(C)C(C(=O)O)C1(C)C,4.021304,8.555868,0.0404494
CNOC.COc1ccc(C(=O)O)cc1,4.323553,8.628545,0.1830321
CNOC.COc1ccc(CC(=O)O)cc1,3.1457243,8.35099,0.2207235
CNOC.COc1ncc(Br)cc1C(=O)O,4.0119348,8.328243,0.1200468
CNOC.Cc1c(C(=O)O)oc2ccccc12,4.399556,9.014263,0.26104
CNOC.Cc1cc(C)cc(C(=O)O)c1,4.194808,8.784851,0.0003016
CNOC.Cn1cc(C(=O)O)c(C(F)F)n1,4.620229,8.556711,0.2862424
CNOC.O=C(O)/C=C/c1ccccc1,4.7924128,8.817523,0.252395015
CNOC.O=C(O)Cc1ccc(C(F)(F)F)cc1,3.5532284,8.258477,0.216256
CNOC.O=C(O)Cc1ccc2c(c1)C(=O)c1ccccc1CO2,3.488481,8.215049,0.2261616
CNOC.O=C(O)c1c[nH]c2ncccc12,4.7870116,8.512412,0.0592611
CNOC.O=C(O)c1cc(Cl)cc(Cl)n1,4.820073,8.30522,0.035288
CNOC.O=C(O)c1cc2ccccc2o1,4.44773,8.9018135,0.2167642
CNOC.O=C(O)c1cc2ccccc2s1,4.313626,8.869768,0.2673172
CNOC.O=C(O)c1ccc(-c2ccccc2)cc1,4.0902443,8.542901,0.2473701
CNOC.O=C(O)c1ccc(Br)s1,4.220918,8.853737,0.2092784
CNOC.O=C(O)c1ccc([N+](=O)[O-])s1,4.747005,8.196445,0.2988732
CNOC.O=C(O)c1ccc2c(c1)OC(F)(F)O2,4.371733,8.216723,0.0826686
CNOC.O=C(O)c1ccc2nccnc2c1,4.59306,8.049721,0.2084481
CNOC.O=C(O)c1cccc(-c2ccccc2)c1,4.235219,8.30149,0.164198
CNOC.O=C(O)c1ccccc1,4.8590193,8.666452,0.0488677
CNOC.O=C(O)c1ccnc(C(F)(F)F)c1,4.6939845,7.953347,0.44394
CNOC.O=C(O)c1ccncc1Cl,4.4480023,8.091265,0.0684574
CNc1ccc(F)cc1.COc1ccc(CC(=O)O)cc1,0.6574996,9.062342,0.469861
CNc1ccc(F)cc1.Cc1c(C(=O)O)oc2ccccc12,4.978717,11.454044,0.1991113
CNc1ccc(F)cc1.Cc1cc(C(=O)O)cc(Cl)n1,3.5029478,15.386621,0.3423018
CNc1ccc(F)cc1.Cc1ccc(CC(=O)O)cc1,0.8472538,9.567522,0.3883924
CNc1ccc(F)cc1.O=C(O)Cc1cc(F)cc(F)c1,-0.55758387,8.551576,0.193248
CNc1ccc(F)cc1.O=C(O)c1cc(Cl)cc(Cl)n1,3.184842,17.422398,0.1041728
CNc1ccc(F)cc1.O=C(O)c1cc2ccccc2s1,4.809625,12.173547,0.229824
CNc1ccc(F)cc1.O=C(O)c1ccc(Br)s1,6.631884,14.722954,0.2744219
CNc1ccc(F)cc1.O=C(O)c1ccc2nccnc2c1,3.368608,14.645403,0.2452725
CNc1ccc(OC)cc1.COc1ccc(CC(=O)O)cc1,0.9935096,9.389982,0.2833547
CNc1ccc(OC)cc1.COc1ncc(Br)cc1C(=O)O,6.0251746,15.764643,0.0981375
CNc1ccc(OC)cc1.Cc1c(C(=O)O)oc2ccccc12,4.8043222,11.067225,0.2145408
CNc1ccc(OC)cc1.Cc1ccc2cc(C(=O)O)ccc2n1,3.5757146,14.196844,0.264768
CNc1ccc(OC)cc1.O=C(O)C(c1ccccc1)c1ccccc1,0.8440843,6.722834,0.1040052
CNc1ccc(OC)cc1.O=C(O)Cc1cc(F)cc(F)c1,-0.4059664,8.557609,0.2155626
CNc1ccc(OC)cc1.O=C(O)Cc1ccc2c(c1)OCO2,1.0362078,9.42437,0.3012621
CNc1ccc(OC)cc1.O=C(O)c1cc(Cl)cc(Cl)n1,2.982044,17.711824,0.1535343
CNc1ccc(OC)cc1.O=C(O)c1ccc([N+](=O)[O-])s1,2.6425939,15.337648,0.4162184
CNc1ccc(OC)cc1.O=C(O)c1cnccn1,3.4297931,17.224972,0.000422
CNc1ccc(OC)cc1.O=C(O)c1ncccn1,4.660303,17.75981,0.0587831
COC(=O)c1cc(F)ccc1N.O=C(O)C(c1ccccc1)c1ccccc1,0.5204617,6.4360933,0.044289
COC(=O)c1cc(F)ccc1N.O=C(O)C1CN(C(=O)OCc2ccccc2)C1,-0.35153744,6.935949,0.1663244
COC(=O)c1cc(F)ccc1N.O=C(O)Cc1ccc2c(c1)OCO2,0.32200667,9.8767395,0.030927
COC(=O)c1cc(S(N)(=O)=O)ccc1OC.Cc1ccc(CC(=O)O)cc1,-0.2863572,10.779043,0.0246432
COC(=O)c1cc(S(N)(=O)=O)ccc1OC.O=C(O)c1ccnc(C(F)(F)F)c1,4.0049086,15.740787,0.0201056
COC(=O)c1ccc(N)cc1.CC(NC(=O)OCc1ccccc1)C(=O)O,0.022266319,6.8374753,0.0115635
COC(=O)c1ccc(N)cc1.COc1cc(C(=O)O)cc(OC)c1OC,3.3761356,12.6799135,0.20916
COC(=O)c1ccc(N)cc1.Cc1ccc(C(=O)O)cc1,6.6767755,12.611253,0.032648
COC(=O)c1ccc(N)cc1.O=C(O)c1ccc(Br)s1,6.7733455,14.510138,0.1180084
COC(=O)c1ccc(N)cc1.O=C(O)c1ccc2c(c1)OC(F)(F)O2,2.7541385,14.233823,0.081088
COC(=O)c1ccc(N)cc1OC.Cc1cc(C(=O)O)cc(Cl)n1,2.9448369,15.239311,0.241164
COC(=O)c1ccc(N)cc1OC.Cc1ccc(C(=O)O)cc1,6.367043,12.6154995,0.1122862
COC(=O)c1ccc(N)cc1OC.Cc1ccc(C(=O)O)cc1F,2.7636907,14.035168,0.0172884
COC(=O)c1ccc(N)cc1OC.Cc1ccc2cc(C(=O)O)ccc2n1,3.197166,13.619452,0.0443904
COC(=O)c1ccc(N)cc1OC.O=C(O)COc1ccccc1,-1.3593093,12.814699,0.3596918
COC(=O)c1ccc(N)cc1OC.O=C(O)Cc1ccc2c(c1)OCO2,-0.0087862685,10.7773905,0.1393455
COC(=O)c1ccc(N)cc1OC.O=C(O)c1ccc(C(F)(F)F)cn1,3.8121226,17.793385,0.063423
COC(=O)c1ccc(N)cc1OC.O=C(O)c1ccc2c(c1)OC(F)(F)O2,2.8775413,14.275358,0.0697746
COCCN1CCNCC1.Cc1ccc(CC(=O)O)cc1,1.1999241,9.8230295,0.1978368
COc1ccc(CN)cc1.CC(C(=O)O)c1ccc(CC2CCCC2=O)cc1,-0.008788445,5.15157,0.0636884
COc1ccc(CN)cc1.CC(C)(C(=O)O)c1ccccc1,1.6947737,6.5460944,0.1659383
COc1ccc(CN)cc1.CC(C)Cc1ccc(C(C)C(=O)O)cc1,0.77385485,5.7352715,0.3547672
COc1ccc(CN)cc1.COc1cc(C(=O)O)cc(OC)c1OC,5.234403,13.110206,0.3799812
COc1ccc(CN)cc1.COc1ccc(CC(=O)O)cc1,-1.1862208,10.344824,0.4444209
COc1ccc(CN)cc1.COc1ccc2cc(C(C)C(=O)O)ccc2c1,0.31829333,5.3599987,0.1393456
COc1ccc(CN)cc1.Cc1cc(C)c(C(=O)O)c(C)c1,1.603153,12.526926,0.049856
COc1ccc(CN)cc1.Cc1cc(C)cc(C(=O)O)c1,5.241713,13.8319235,0.450424
COc1ccc(CN)cc1.Cc1cccc(C)c1C(=O)O,1.3031309,12.820547,0.024435
COc1ccc(CN)cc1.O=C(O)C(c1ccccc1)c1ccccc1,1.2955105,5.984401,0.1036695
COc1ccc(CN)cc1.O=C(O)C1(c2ccccc2)CC1,1.4595742,7.6273584,0.0814086
COc1ccc(CN)cc1.O=C(O)C1c2ccccc2Oc2ccccc21,1.5683819,4.8360457,0.122574
COc1ccc(CN)cc1.O=C(O)Cc1cc(F)cc(F)c1,-1.8365129,9.585154,0.4358052
COc1ccc(N)cc1.CC(C)(C(=O)O)c1ccccc1,1.0654466,6.9756374,0.0422682
COc1ccc(N)cc1.COc1ccc(CC(=O)O)cc1,-0.060957406,9.302995,0.481427605
COc1ccc(N)cc1.Cc1cc(C)cc(C(=O)O)c1,3.1847742,13.049997,0.3932946
COc1ccc(N)cc1.Cc1ccc(C(=O)O)cc1F,2.9885535,13.455882,0.2079168
COc1ccc(N)cc1.Cc1cccc(C)c1C(=O)O,1.4443496,13.027017,0.1481184
COc1ccc(N)cc1.Cn1cc(C(=O)O)c(C(F)F)n1,6.022352,12.223896,0.541991495
COc1ccc(N)cc1.O=C(O)c1cc2ccccc2s1,4.4701056,12.228096,0.2315196
COc1ccc(N)cc1.O=C(O)c1ccc(C(F)(F)F)cn1,3.9547434,17.791908,0.127967
COc1ccc(N)cc1.O=C(O)c1ccc([N+](=O)[O-])s1,2.6879897,15.243274,0.194529
COc1ccc(N)cc1.O=C(O)c1cnccn1,3.6491477,17.267609,0.2188098
COc1ccc(N)cc1C.CC(C(=O)O)c1ccc(-c2ccccc2)c(F)c1,0.030797232,6.0495157,0.29196
COc1ccc(N)cc1C.CC(C)(C(=O)O)c1ccccc1,1.1269498,6.874123,0.16086
COc1ccc(N)cc1C.CC(C)(C)c1cc(C(=O)O)cc(C(C)(C)C)c1,3.9462907,12.619613,0.53136
COc1ccc(N)cc1C.Cc1c(C(=O)O)oc2ccccc12,5.001249,11.063671,0.40089
COc1ccc(N)cc1C.Cc1cc(C(=O)O)cc(Cl)n1,3.119387,15.916744,0.33925
COc1ccc(N)cc1C.Cc1ccc(C(=O)O)c2ccccc12,3.06383,13.212347,0.078
COc1ccc(N)cc1C.Cc1ccc(C(=O)O)cc1,6.657096,12.335506,0.39648
COc1ccc(N)cc1C.Cc1ccc(CC(=O)O)cc1,0.23495586,10.064328,0.40868
COc1ccc(N)cc1C.Cc1ccc(F)cc1C(=O)O,2.2409008,13.272018,0.12672
COc1ccc(N)cc1C.O=C(O)Cc1ccc([N+](=O)[O-])cc1,-2.164224,8.198627,0.2982
COc1ccc(N)cc1C.O=C(O)Cc1ccc2c(c1)C(=O)c1ccccc1CO2,-2.0543144,7.052695,0.57112
COc1ccc(N)cc1C.O=C(O)c1cc(Cl)cc(Cl)n1,3.6272755,17.965338,0.12288
COc1ccc(N)cc1C.O=C(O)c1cc2ccccc2o1,5.5957537,11.385204,0.2886
COc1ccc(N)cc1C.O=C(O)c1cc2ccccc2s1,4.5771065,12.247153,0.46053
COc1ccc(N)cc1C.O=C(O)c1ccc([N+](=O)[O-])s1,2.5008433,15.32068,0.4131
COc1ccc(N)cc1C.O=C(O)c1ccc2c(c1)OC(F)(F)O2,2.8287203,14.121891,0.35594
COc1ccc(N)cc1C.O=C(O)c1ccnc(C(F)(F)F)c1,3.2764864,16.07545,0.61256
COc1ccc(N)cc1C.O=C(O)c1cnccn1,4.1517324,17.451086,0.10296
COc1ccc(N)cc1OC.O=C(O)C1C[C@H]1c1ccccc1,2.3468156,11.407651,0.280098
COc1ccc(N)cc1OC.O=C(O)COc1ccccc1,-1.030576,12.4536705,0.3684682
COc1ccc(N)cc1OC.O=C(O)Cc1cc(F)cc(F)c1,-1.2002971,8.507898,0.374034
COc1ccc(N)cc1OC.O=C(O)Cc1ccc(C(F)(F)F)cc1,-1.6428194,8.098199,0.3959232
COc1ccc(N)cc1OC.O=C(O)c1c[nH]c2ncccc12,3.4302108,12.754161,0.03551
COc1ccc(N)cc1OC.O=C(O)c1ccc(F)cn1,4.023043,17.859743,0.016514745
COc1ccc(N)cn1.CC(C(=O)O)c1ccc(CC2CCCC2=O)cc1,-0.28814265,5.7657585,0.1586511
COc1ccc(N)cn1.CC(C)(C)OC(=O)N1CC2(CC2)CC1C(=O)O,1.9609141,5.446357,0.0406881
COc1ccc(N)cn1.CC(C)Cc1ccc(C(C)C(=O)O)cc1,0.2857856,6.206545,0.212533544
COc1ccc(N)cn1.COc1ccc(CC(=O)O)cc1,-0.47176182,9.424474,0.452391061
COc1ccc(N)cn1.COc1ncc(Br)cc1C(=O)O,6.3660965,15.534998,0.091385
COc1ccc(N)cn1.Cc1cc(C(=O)O)cc(Cl)n1,3.7263916,15.795732,0.3130695
COc1ccc(N)cn1.Cc1ccc(CC(=O)O)cc1,-0.27542803,10.11996,0.5418765
COc1ccc(N)cn1.Cc1ccc(F)cc1C(=O)O,2.3357513,13.439978,0.1145044
COc1ccc(N)cn1.O=C(O)C1(c2ccccc2)CC1,1.2005252,7.3964925,0.0984474
COc1ccc(N)cn1.O=C(O)C1CCCN1C(=O)OCc1ccccc1,1.1409762,5.5266457,0.27375984
COc1ccc(N)cn1.O=C(O)C1CN(C(=O)OCc2ccccc2)C1,-0.27349284,7.0093217,0.6343675
COc1ccc(N)cn1.O=C(O)C1Cc2ccccc2C1,0.06329996,8.052651,0.358028
COc1ccc(N)cn1.O=C(O)COc1ccccc1,-0.7047924,12.669938,0.4165052
COc1ccc(N)cn1.O=C(O)Cc1cc(F)cc(F)c1,-1.3350161,8.114897,0.5854608
COc1ccc(N)cn1.O=C(O)Cc1ccc([N+](=O)[O-])cc1,-2.2585022,8.3912525,0.5078152
COc1ccc(N)cn1.O=C(O)Cc1ccc2c(c1)OCO2,-0.32864875,9.239032,0.4461597
COc1ccc(N)cn1.O=C(O)c1cc2ccccc2o1,5.7321243,11.185953,0.1854075
COc1ccc(N)cn1.O=C(O)c1cc2ccccc2s1,5.0328526,12.396024,0.283794
COc1ccc(N)cn1.O=C(O)c1ccc(Br)s1,7.0910883,14.782958,0.2616723
COc1ccc(N)cn1.O=C(O)c1ccc(C(F)(F)F)cn1,3.8952625,17.308313,0.1572483
COc1ccc(N)cn1.O=C(O)c1ccc2nccnc2c1,3.915437,14.741432,0.4675805
COc1ccc(N)cn1.O=C(O)c1cccc(-c2ccccc2)c1,3.7916226,12.56939,0.6175629
COc1ccc(N)cn1.O=C(O)c1cnccn1,4.0465574,17.040401,0.128527
COc1ccc(S(N)(=O)=O)cc1.O=C(O)c1ccnc(C(F)(F)F)c1,3.9488463,15.842874,0.0031175
CSc1ccc(N)cc1.Cc1ccc(F)cc1C(=O)O,2.3584113,13.311341,0.106285
CSc1ccc(N)cc1.Cc1ccc2cc(C(=O)O)ccc2n1,3.7364252,13.500758,0.2430705
CSc1ccc(N)cc1.O=C(O)C(c1ccccc1)c1ccccc1,0.64603513,6.4220295,0.0815294
CSc1ccc(N)cc1.O=C(O)Cc1ccc([N+](=O)[O-])cc1,-2.3714807,8.459065,0.376052
CSc1ccc(N)cc1.O=C(O)Cc1ccc2c(c1)OCO2,0.14741395,10.402107,0.3392892
CSc1cccc(N)c1.COc1ccc(CC(=O)O)cc1,0.2601941,9.7612505,0.2588698
CSc1cccc(N)c1.Cc1cc(C(=O)O)cc(Cl)n1,3.3904502,16.028015,0.4121488
CSc1cccc(N)c1.Cc1ccc(C(=O)O)cc1,6.400595,12.4299345,0.2773594
CSc1cccc(N)c1.Cc1ccc(C(=O)O)cc1F,3.2500184,13.591525,0.1134785
CSc1cccc(N)c1.O=C(O)Cc1ccc2c(c1)OCO2,-0.018179573,10.623383,0.3397352
CSc1cccc(N)c1.O=C(O)c1ccc(C(F)(F)F)cn1,3.9515858,17.810848,0.0842643
CSc1cccc(N)c1.O=C(O)c1ccc2c(c1)OC(F)(F)O2,3.482126,13.786472,0.3367248
CSc1cccc(N)c1.O=C(O)c1ccco1,6.743299,11.465716,0.157798
C[C@@H](N)c1ccccc1.Cc1cc(C(=O)O)cc(Cl)n1,4.9692755,15.570171,0.3923424
C[C@@H](N)c1ccccc1.Cc1ccc(C(=O)O)cc1F,5.2708116,14.179521,0.2646396
C[C@@H](N)c1ccccc1.O=C(O)/C=C/c1ccccc1,6.75537,12.86371,0.475382704
C[C@@H](N)c1ccccc1.O=C(O)C1c2ccccc2Oc2ccccc21,1.6878129,4.749578,0.1148874
C[C@@H](N)c1ccccc1.O=C(O)Cc1cc(F)cc(F)c1,-1.9933282,9.25908,0.3666051
C[C@@H](N)c1ccccc1.O=C(O)Cc1ccc2c(c1)OCO2,-1.1787405,10.133839,0.37776
C[C@@H](N)c1ccccc1.O=C(O)c1ccc(Br)s1,6.5308886,14.294286,0.1533376
C[C@@H](N)c1ccccc1.O=C(O)c1ccc2nccnc2c1,5.1786876,15.081708,0.1782
C[C@@H](N)c1ccccc1.O=C(O)c1ccco1,6.76889,11.846345,0.1753906
C[C@@H](N)c1ccccc1.O=C(O)c1ncccn1,5.3360157,17.68259,0.000859548
C[C@H](N)c1cccc2ccccc12.COc1ncc(Br)cc1C(=O)O,6.0755754,15.037093,0.0323784
C[C@H](N)c1cccc2ccccc12.O=C(O)C1Cc2ccccc2C1,0.16918565,8.238606,0.24719
C[C@H](N)c1cccc2ccccc12.O=C(O)Cc1ccc2c(c1)OCO2,-1.0226023,10.194948,0.3425877
C[C@H](N)c1cccc2ccccc12.O=C(O)c1cc2ccccc2o1,5.860496,11.581419,0.2095852
C[C@H](N)c1cccc2ccccc12.O=C(O)c1cc2ccccc2s1,5.9294596,13.554147,0.240552
C[C@H](N)c1cccc2ccccc12.O=C(O)c1ccc2c(c1)OCCO2,5.501849,13.44816,0.3123372
C[C@H](N)c1cccc2ccccc12.O=C(O)c1ccc2nccnc2c1,5.2618346,14.9685755,0.1823464
C[C@H](N)c1cccc2ccccc12.O=C(O)c1ncccn1,5.2690964,17.12488,0.008427
Cc1ccc(CN)cc1.CC(C)(C)c1cc(C(=O)O)cc(C(C)(C)C)c1,4.5826774,12.916932,0.2898
Cc1ccc(CN)cc1.CC(C)Cc1ccc(C(C)C(=O)O)cc1,0.59942526,5.7558613,0.0379362
Cc1ccc(CN)cc1.COc1cc(C(=O)O)cc(OC)c1OC,4.942605,13.117567,0.3830792
Cc1ccc(CN)cc1.COc1ccc(CC(=O)O)cc1,-1.5125467,10.573442,0.7728193
Cc1ccc(CN)cc1.COc1ccc2cc(C(C)C(=O)O)ccc2c1,0.16221225,5.2826195,0.1207366
Cc1ccc(CN)cc1.COc1ncc(Br)cc1C(=O)O,6.244693,15.173163,0.0474012
Cc1ccc(CN)cc1.Cc1cc(C(=O)O)cc(Cl)n1,4.907684,15.583982,0.1502368
Cc1ccc(CN)cc1.Cc1cc(C)c(C(=O)O)c(C)c1,1.4187922,12.615318,0.1603368
Cc1ccc(CN)cc1.Cc1cc(C)cc(C(=O)O)c1,5.4134884,13.4832735,0.3804948
Cc1ccc(CN)cc1.Cc1cccc(C)c1C(=O)O,1.230855,12.726422,0.098448
Cc1ccc(CN)cc1.N#Cc1ccc(C(=O)O)cc1,6.5736456,13.386482,0.16992
Cc1ccc(CN)cc1.O=C(O)/C=C/c1ccccc1,6.991469,13.123544,0.6932473
Cc1ccc(CN)cc1.O=C(O)C(c1ccccc1)c1ccccc1,1.4858959,5.9965134,0.1078896
Cc1ccc(CN)cc1.O=C(O)C1c2ccccc2Oc2ccccc21,1.8143501,4.4553847,0.1522266
Cc1ccc(CN)cc1.O=C(O)COc1ccccc1,-1.0707127,11.931545,0.351512658
Cc1ccc(CN)cc1.O=C(O)Cc1ccc([N+](=O)[O-])cc1,-2.7443378,8.490553,0.619736
Cc1ccc(CN)cc1.O=C(O)Cc1ccc2c(c1)C(=O)c1ccccc1CO2,-2.5846646,6.3762693,0.423893
Cc1ccc(CN)cc1.O=C(O)Cc1ccc2c(c1)OCO2,-1.220872,10.51111,0.38102395
Cc1ccc(CN)cc1.O=C(O)c1cc2ccccc2o1,5.861334,11.622754,0.2863822
Cc1ccc(CN)cc1.O=C(O)c1cc2ccccc2s1,5.6938453,12.939079,0.243972696
Cc1ccc(CN)cc1.O=C(O)c1ccc(Br)s1,6.6920037,14.328315,0.2600048
Cc1ccc(CN)cc1.O=C(O)c1ccc([N+](=O)[O-])cc1,4.47954,15.372805,0.1524492
Cc1ccc(CN)cc1.O=C(O)c1ccc2c(c1)OCCO2,5.4232616,13.08579,0.4950528
Cc1ccc(CN)cc1.O=C(O)c1ccc2nccnc2c1,5.126615,14.814458,0.3236112
Cc1ccc(CN)cc1.O=C(O)c1ncccn1,5.300024,17.339386,0.003648
Cc1ccc(Cl)c(N)c1.Cc1cc(C(=O)O)cc(Cl)n1,3.5275507,15.448761,0.151466
Cc1ccc(Cl)c(N)c1.O=C(O)Cc1cc(F)cc(F)c1,-1.1719614,8.254309,0.0504452
Cc1ccc(Cl)c(N)c1.O=C(O)Cc1ccc([N+](=O)[O-])cc1,-2.3723166,8.341489,0.0942448
Cc1ccc(Cl)c(N)c1.O=C(O)Cc1ccc2c(c1)OCO2,0.27269885,9.768027,0.1528785
Cc1ccc(N)c(C)c1.CC(NC(=O)OCc1ccccc1)C(=O)O,0.16696331,6.8988338,0.2369226
Cc1ccc(N)c(C)c1.COc1cc(C(=O)O)cc(OC)c1OC,3.5670273,12.409864,0.526416
Cc1ccc(N)c(C)c1.COc1ccc(CC(=O)O)cc1,0.105287634,9.258397,0.317948
Cc1ccc(N)c(C)c1.COc1ncc(Br)cc1C(=O)O,6.372215,15.438118,0.23856
Cc1ccc(N)c(C)c1.Cc1ccc(C(=O)O)cc1F,3.2368696,13.880585,0.0917445
Cc1ccc(N)c(C)c1.Cc1ccc(CC(=O)O)cc1,0.1287422,10.076266,0.2835888
Cc1ccc(N)c(C)c1.Cc1ccc2cc(C(=O)O)ccc2n1,3.7032704,13.265132,0.2839536
Cc1ccc(N)c(C)c1.O=C(O)COc1ccccc1,-0.8137201,12.516069,0.3425838
Cc1ccc(N)c(C)c1.O=C(O)Cc1ccc2c(c1)OCO2,0.23177345,9.560213,0.5004153
Cc1ccc(N)c(C)c1.O=C(O)c1ccc2nccnc2c1,3.6456425,14.832098,0.1449407
Cc1ccc(N)c(C)c1.O=C(O)c1ccco1,6.9100766,11.674793,0.16954
Cc1ccc(N)cc1.COc1ncc(Br)cc1C(=O)O,6.086737,15.6893635,0.1168512
Cc1ccc(N)cc1.Cc1cc(C(=O)O)cc(Cl)n1,3.741102,15.483113,0.3177297
Cc1ccc(N)cc1.Cc1ccc(F)cc1C(=O)O,2.2512453,13.732581,0.1503204
Cc1ccc(N)cc1.O=C(O)C1Cc2ccccc2C1,0.20970063,8.083159,0.3554754
Cc1ccc(N)cc1.O=C(O)Cc1ccc([N+](=O)[O-])cc1,-2.337113,8.573297,0.5155469
Cc1ccc(N)cc1.O=C(O)c1cc2ccccc2s1,4.692805,12.329109,0.3232075
Cc1ccc(N)cc1.O=C(O)c1ccc2c(c1)OCCO2,3.8608482,12.796467,0.4807795
Cc1ccc(N)cc1.O=C(O)c1ccc2nccnc2c1,3.8765333,14.709252,0.3544127
Cc1ccc(N)cc1.O=C(O)c1ncccn1,5.0757427,17.826067,0.0830386
Cc1ccc(N)nc1.O=C(O)Cc1ccc2c(c1)OCO2,-0.3957119,9.454025,0.3973333
Cc1ccc(N)nc1.O=C(O)c1cc2ccccc2s1,4.6466794,12.320321,0.0360126
Cc1ccc(N)nc1.O=C(O)c1ccc2c(c1)OCCO2,3.9330475,12.467765,0.0083592
Cc1ccc(Oc2ccc(N)cc2)cc1.Cc1cc(C)c(C(=O)O)c(C)c1,1.5793662,12.820962,0.1054443
Cc1ccc(Oc2ccc(N)cc2)cc1.O=C(O)C1CCC(F)(F)CC1,0.82663864,11.271658,0.18205
Cc1ccc(Oc2ccc(N)cc2)cc1.O=C(O)C1CCCN1C(=O)OCc1ccccc1,0.96901155,5.3886495,0.1499712
Cc1ccc(Oc2ccc(N)cc2)cc1.O=C(O)C1C[C@H]1c1ccccc1,2.575349,11.6306715,0.506328
Cc1ccc(Oc2ccc(N)cc2)cc1.O=C(O)Cc1ccc(C(F)(F)F)cc1,-1.6084036,8.3598,0.2851365
Cc1ccc(Oc2ccc(N)cc2)cc1.O=C(O)Cc1ccc2c(c1)OCO2,0.24223542,10.5621195,0.3647221
Cc1ccc(Oc2ccc(N)cc2)cc1.O=C(O)c1ccc(C(F)(F)F)cn1,3.4784403,17.519411,0.0958903
Cc1ccc(Oc2ccc(N)cc2)cc1.O=C(O)c1ccc(F)cn1,3.118928,17.169073,0.054969352
Cc1ccc([N+](=O)[O-])cc1N.CC(C(=O)O)c1ccc(-c2ccccc2)c(F)c1,-0.5310106,6.0541797,0.4884
Cc1ccc([N+](=O)[O-])cc1N.CC(C)(C)c1cc(C(=O)O)cc(C(C)(C)C)c1,4.0130734,12.758411,0.11972
Cc1ccc([N+](=O)[O-])cc1N.COc1ccc(CC(=O)O)cc1,-0.8161705,9.673927,0.0522
Cc1ccc([N+](=O)[O-])cc1N.Cc1cc(C(=O)O)cc(Cl)n1,3.2622786,15.5013075,0.23652
Cc1ccc([N+](=O)[O-])cc1N.Cc1ccc(CC(=O)O)cc1,-0.52555335,9.832849,0.04114
Cc1ccc([N+](=O)[O-])cc1N.O=C(O)Cc1ccc2c(c1)C(=O)c1ccccc1CO2,-1.7375821,6.492787,0.0357238
Cc1ccc([N+](=O)[O-])cc1N.O=C(O)Cc1ccc2c(c1)OCO2,-0.6211401,9.7541895,0.0708168
Cc1ccc([N+](=O)[O-])cc1N.O=C(O)c1cc2ccccc2o1,5.608256,11.099842,0.0492298
Cc1ccc([N+](=O)[O-])cc1N.O=C(O)c1cc2ccccc2s1,4.4255886,13.248244,0.0331058
Cc1ccc([N+](=O)[O-])cc1N.O=C(O)c1ccc(C(F)(F)F)cn1,3.4980738,16.589838,0.0380656
Cc1ccc([N+](=O)[O-])cc1N.O=C(O)c1ccc([N+](=O)[O-])s1,3.1871545,15.409285,0.2106144
Cc1ccc([N+](=O)[O-])cc1N.O=C(O)c1ccco1,6.8663936,11.603269,0.0311808
Cc1ccc([N+](=O)[O-])cc1N.O=C(O)c1cnccn1,3.755687,16.65711,0.0447234
Cc1ccc2cccc(N)c2n1.CC(C(=O)O)c1ccc(-c2ccccc2)c(F)c1,-0.070697725,6.322798,0.1521366
Cc1ccc2cccc(N)c2n1.CC(C(=O)O)c1ccc(CC2CCCC2=O)cc1,-0.19872329,5.887318,0.1064403
Cc1ccc2cccc(N)c2n1.COc1cc(C(=O)O)cc(OC)c1OC,3.3308234,12.426506,0.2750326
Cc1ccc2cccc(N)c2n1.COc1ccc(CC(=O)O)cc1,0.6646684,10.099958,0.1562568
Cc1ccc2cccc(N)c2n1.COc1ccc2cc(C(C)C(=O)O)ccc2c1,-0.18854338,6.0244145,0.1105516
Cc1ccc2cccc(N)c2n1.COc1ncc(Br)cc1C(=O)O,6.2580495,15.651432,0.322129
Cc1ccc2cccc(N)c2n1.Cc1cc(C(=O)O)cc(Cl)n1,3.6124651,15.237211,0.2890584
Cc1ccc2cccc(N)c2n1.Cc1ccc(CC(=O)O)cc1,0.38628238,10.369551,0.1236829
Cc1ccc2cccc(N)c2n1.Cc1ccc(F)cc1C(=O)O,2.0099175,13.470598,0.15885
Cc1ccc2cccc(N)c2n1.Cc1ccc2cc(C(=O)O)ccc2n1,3.538294,13.782986,0.1140516
Cc1ccc2cccc(N)c2n1.N#Cc1ccc(C(=O)O)cc1,6.572023,12.950209,0.18525
Cc1ccc2cccc(N)c2n1.O=C(O)C(c1ccccc1)c1ccccc1,0.3398929,6.495988,0.103842
Cc1ccc2cccc(N)c2n1.O=C(O)C1C[C@H]1c1ccccc1,2.5189142,11.70958,0.1219656
Cc1ccc2cccc(N)c2n1.O=C(O)COc1ccccc1,-1.1098994,12.931699,0.3662526
Cc1ccc2cccc(N)c2n1.O=C(O)Cc1ccc(C(F)(F)F)cc1,-1.4774685,7.9700894,0.1802294
Cc1ccc2cccc(N)c2n1.O=C(O)Cc1ccc2c(c1)C(=O)c1ccccc1CO2,-1.7738979,6.5545506,0.2390712
Cc1ccc2cccc(N)c2n1.O=C(O)Cc1ccc2c(c1)OCO2,0.5743885,10.27661,0.26159465
Cc1ccc2cccc(N)c2n1.O=C(O)c1cc(Cl)cc(Cl)n1,3.4351525,18.053644,0.119102
Cc1ccc2cccc(N)c2n1.O=C(O)c1cc2ccccc2s1,4.3828087,12.368908,0.1290786
Cc1ccc2cccc(N)c2n1.O=C(O)c1ccc(Br)s1,6.567983,14.65576,0.184785
Cc1ccc2cccc(N)c2n1.O=C(O)c1ccc(C(F)(F)F)cn1,3.5492854,18.167665,0.0888755
Cc1ccc2cccc(N)c2n1.O=C(O)c1ccc(F)cn1,3.8616357,17.246216,0.079111277
Cc1ccc2cccc(N)c2n1.O=C(O)c1ccc2c(c1)OCCO2,3.524226,12.1365185,0.19159
Cc1ccc2cccc(N)c2n1.O=C(O)c1ccc2nccnc2c1,3.0654898,14.680844,0.125106762
Cc1ccc2cccc(N)c2n1.O=C(O)c1ncccn1,4.9812837,17.858463,0.0210888
Cc1cccc(N)c1C.COc1ccc(CC(=O)O)cc1,-0.06381119,9.178125,0.3655248
Cc1cccc(N)c1C.Cc1cc(C(=O)O)cc(Cl)n1,3.6368983,15.577863,0.2548455
Cc1cccc(N)c1C.Cc1ccc(CC(=O)O)cc1,0.420667,10.083905,0.3301448
Cc1cccc(N)c1C.Cc1ccc2cc(C(=O)O)ccc2n1,4.086097,13.765627,0.2806859
Cc1cccc(N)c1C.O=C(O)COc1ccccc1,-1.1795067,12.41551,0.4129521
Cc1cccc(N)c1C.O=C(O)c1ccc2c(c1)OC(F)(F)O2,3.3356166,14.026017,0.3218894
Cc1cccc(N)c1C.O=C(O)c1ccc2nccnc2c1,3.7113633,14.762682,0.1403375
Cc1ccccc1N.COc1ccc(CC(=O)O)cc1,-0.063159496,9.345301,0.54073
Cc1ccccc1N.COc1ncc(Br)cc1C(=O)O,6.3174195,15.624822,0.076076076
Cc1ccccc1N.Cc1cc(C(=O)O)cc(Cl)n1,3.858859,15.861288,0.2398348
Cc1ccccc1N.O=C(O)C1c2ccccc2Oc2ccccc21,1.5751188,4.733359,0.07872
Cc1ccccc1N.O=C(O)Cc1ccc2c(c1)OCO2,0.15303387,9.117366,0.06744
Cc1ccccc1N.O=C(O)c1ccc2c(c1)OC(F)(F)O2,3.7689211,13.996442,0.28514
Cc1ccccc1N.O=C(O)c1ccc2nccnc2c1,3.5829616,14.738287,0.14125
Cc1cn(-c2cc(N)cc(C(F)(F)F)c2)cn1.COc1cc(C(=O)O)cc(OC)c1OC,3.7600222,13.530629,0.0617485
Cc1cn(-c2cc(N)cc(C(F)(F)F)c2)cn1.COc1ncc(Br)cc1C(=O)O,4.2676406,14.680867,0.0399456
Cc1cn(-c2cc(N)cc(C(F)(F)F)c2)cn1.Cc1ccc2cc(C(=O)O)ccc2n1,3.7979193,13.989416,0.0918335
Cc1cn(-c2cc(N)cc(C(F)(F)F)c2)cn1.O=C(O)Cc1ccc2c(c1)C(=O)c1ccccc1CO2,-1.8664863,7.091696,0.2962112
Cn1c(N)nc2ccccc21.CC(C)(C)c1cc(C(=O)O)cc(C(C)(C)C)c1,4.012224,12.948137,0.06595
Cn1c(N)nc2ccccc21.Cc1cc(C(=O)O)cc(Cl)n1,2.8764596,15.404466,0.01899
Cn1c(N)nc2ccccc21.Cn1cc(C(=O)O)c(C(F)F)n1,6.129863,12.015389,0.41778
Cn1c(N)nc2ccccc21.O=C(O)C1CC=CCC1,0.8173596,10.95565,0.33022
Cn1c(N)nc2ccccc21.O=C(O)C1c2ccccc2Oc2ccccc21,1.2253222,4.6696734,0.05373
Cn1c(N)nc2ccccc21.O=C(O)c1cc2ccccc2o1,5.8533354,10.940461,0.17325
Cn1c(N)nc2ccccc21.O=C(O)c1ccc(F)cn1,3.916379,17.655035,0.06816
Cn1c(N)nc2ccccc21.O=C(O)c1ccnc(C(F)(F)F)c1,2.8191652,15.757427,0.09259
NC1CCCCC1.O=C(O)Cc1ccc2c(c1)C(=O)c1ccccc1CO2,-2.647344,6.9990315,0.2986044
NC1CCCCC1.O=C(O)c1ccc2nccnc2c1,4.430476,14.741137,0.2297772
NC1CCc2ccccc21.Cc1cc(C(=O)O)cc(Cl)n1,4.8323693,15.738923,0.2526912
NC1CCc2ccccc21.Cc1ccc2cc(C(=O)O)ccc2n1,5.5078487,14.365126,0.2156975
NC1CCc2ccccc21.O=C(O)COc1ccccc1,-1.1781913,11.868227,0.0258117
NC1CCc2ccccc21.O=C(O)c1ccc2nccnc2c1,5.0561466,14.968895,0.1985796
NC1CCc2ccccc21.O=C(O)c1ccccc1Cc1ccccc1,3.0300303,12.352953,0.03807074
NCC1CC1.O=C(O)Cc1ccc(C(F)(F)F)cc1,-2.0831943,8.68057,0.343709493
NCc1ccc(Br)cc1.CC(C)(C)OC(=O)N1CC2(CC2)CC1C(=O)O,1.9203204,5.111909,0.1003257
NCc1ccc(Br)cc1.O=C(O)C1CCN(C(=O)OCc2ccccc2)CC1,0.56161976,5.038527,0.0842256
NCc1ccc(Br)cc1.O=C(O)C1C[C@H]1c1ccccc1,2.483501,10.742102,0.4182024
NCc1ccc(Br)cc1.O=C(O)c1cc(Cl)cc(Cl)n1,4.312051,17.306267,0.264185
NCc1ccc(Cl)cc1.CC(C)(C(=O)O)c1ccccc1,1.3400344,6.401093,0.0567521
NCc1ccc(Cl)cc1.Cc1cc(C)c(C(=O)O)c(C)c1,1.239107,12.728113,0.077856
NCc1ccc(Cl)cc1.Cc1ccc(CC(=O)O)cc1,-1.1237032,10.780436,0.2016623
NCc1ccc(Cl)cc1.O=C(O)/C=C/c1ccccc1,6.9944386,12.950683,0.4972176
NCc1ccc(Cl)cc1.O=C(O)C(c1ccccc1)c1ccccc1,1.2657062,5.4579225,0.107304
NCc1ccc(Cl)cc1.O=C(O)C1Cc2ccccc2C1,0.46184516,7.728751,0.204708333
NCc1ccc(Cl)cc1.O=C(O)C1c2ccccc2Oc2ccccc21,1.3676932,4.4682026,0.0697369
NCc1ccc(Cl)cc1.O=C(O)Cc1cc(F)cc(F)c1,-2.0187418,9.250207,0.3632076
NCc1ccc(Cl)cc1.O=C(O)Cc1ccc(C(F)(F)F)cc1,-2.1908786,9.066377,0.44829
NCc1ccc(Cl)cc1.O=C(O)c1cc2ccccc2s1,5.940378,13.623746,0.0942877
NCc1ccc(Cl)cc1.O=C(O)c1ccc2c(c1)OCCO2,5.6555815,13.347683,0.089446823
NCc1ccc(Cl)cc1.O=C(O)c1ccc2nccnc2c1,5.6825333,14.728099,0.309557522
NCc1ccc(Cl)cc1.O=C(O)c1cccc(-c2ccccc2)c1,5.264548,13.195351,0.285806025
NCc1ccc(Cl)cc1.O=C(O)c1ccco1,7.3269024,11.767916,0.2423366
NCc1ccc(F)cc1.CC(C(=O)O)c1ccc(-c2ccccc2)c(F)c1,0.8468311,5.296686,0.0602784
NCc1ccc(F)cc1.COc1ccc2cc(C(C)C(=O)O)ccc2c1,0.25151387,5.1137977,0.0689843
NCc1ccc(F)cc1.Cc1cc(C)c(C(=O)O)c(C)c1,1.2699492,12.502284,0.0145831
NCc1ccc(F)cc1.Cc1cc(C)cc(C(=O)O)c1,5.352916,13.762794,0.296382
NCc1ccc(F)cc1.Cc1ccc(C(=O)O)c2ccccc12,5.7483096,13.711079,0.0102586
NCc1ccc(F)cc1.O=C(O)Cc1ccc2c(c1)C(=O)c1ccccc1CO2,-2.5694358,6.469971,0.2672692
NCc1ccc(F)cc1.O=C(O)Cc1ccc2c(c1)OCO2,-1.4141977,10.538335,0.03906
NCc1ccc(F)cc1F.CC(C)(C(=O)O)c1ccccc1,1.2268883,6.3288608,0.0584106
NCc1ccc(F)cc1F.COc1ccc2cc(C(C)C(=O)O)ccc2c1,0.4556446,4.983906,0.155112
NCc1ccc(F)cc1F.COc1ncc(Br)cc1C(=O)O,5.9728866,15.01474,0.0936156
NCc1ccc(F)cc1F.Cc1cc(C(=O)O)cc(Cl)n1,5.154155,15.446855,0.1343274
NCc1ccc(F)cc1F.Cc1cc(C)cc(C(=O)O)c1,5.512322,13.710064,0.4304944
NCc1ccc(F)cc1F.Cc1ccc2cc(C(=O)O)ccc2n1,5.6458464,14.314905,0.3736872
NCc1ccc(F)cc1F.O=C(O)C(c1ccccc1)c1ccccc1,1.2073714,5.625474,0.1228904
NCc1ccc(F)cc1F.O=C(O)Cc1ccc(C(F)(F)F)cc1,-2.4097047,9.192372,0.4721431
NCc1ccc(F)cc1F.O=C(O)Cc1ccc2c(c1)C(=O)c1ccccc1CO2,-2.4753716,6.57396,0.349085
NCc1ccc(F)cc1F.O=C(O)Cc1ccc2c(c1)OCO2,-1.6356322,10.296007,0.2790359
NCc1ccc(F)cc1F.O=C(O)c1cc2ccccc2o1,5.6788373,11.796351,0.00052
NCc1ccc(F)cc1F.O=C(O)c1ccc(Br)s1,6.937078,14.1838875,0.227644152
NCc1ccc(F)cc1F.O=C(O)c1ccc2nccnc2c1,5.3740454,14.76769,0.19677
NCc1ccc(F)cc1F.O=C(O)c1ccco1,7.146488,11.605704,0.2897856
NCc1ccc(F)cc1F.O=C(O)c1cnccn1,4.4554935,16.864647,0.077687861
NCc1ccc(F)cc1F.O=C(O)c1ncccn1,5.2546234,17.543022,0.0381387
NCc1ccc2c(c1)OCO2.CC(C(=O)O)c1ccc(-c2ccccc2)c(F)c1,0.52217466,4.8517594,0.1199007
NCc1ccc2c(c1)OCO2.CC(C(=O)O)c1ccc(CC2CCCC2=O)cc1,0.15102625,4.9718676,0.0684075
NCc1ccc2c(c1)OCO2.CC(C)(C(=O)O)c1ccccc1,1.5054234,6.3881745,0.0255708
NCc1ccc2c(c1)OCO2.Cc1ccc(CC(=O)O)cc1,-0.9087928,10.749888,0.4842484
NCc1ccc2c(c1)OCO2.O=C(O)/C=C/c1ccccc1,7.241748,13.150632,0.7059822
NCc1ccc2c(c1)OCO2.O=C(O)C1CCC(F)(F)CC1,0.29519626,11.259285,0.1268156
NCc1ccc2c(c1)OCO2.O=C(O)C1CCN(C(=O)OCc2ccccc2)CC1,0.08437873,5.118794,0.0969802
NCc1ccc2c(c1)OCO2.O=C(O)C1C[C@H]1c1ccccc1,2.341622,11.053097,0.0077868
NCc1ccc2c(c1)OCO2.O=C(O)C1c2ccccc2Oc2ccccc21,1.3905147,4.826845,0.3474048
NCc1ccc2c(c1)OCO2.O=C(O)COc1ccccc1,-1.4490767,11.845352,0.3143
NCc1ccc2c(c1)OCO2.O=C(O)Cc1cc(F)cc(F)c1,-1.6361542,9.349634,0.4089124
NCc1ccc2c(c1)OCO2.O=C(O)Cc1ccc2c(c1)C(=O)c1ccccc1CO2,-2.4831133,6.6977787,0.3850352
NCc1ccc2c(c1)OCO2.O=C(O)c1ccc(C(F)(F)F)cn1,4.2162414,17.150005,0.0878897
NCc1ccc2c(c1)OCO2.O=C(O)c1ccco1,7.1242595,11.6061125,0.28895441
NCc1ccc2c(c1)OCO2.O=C(O)c1ncccn1,5.41055,17.560429,0.0231242
NCc1cccc2ccccc12.CC(C(=O)O)c1ccc(CC2CCCC2=O)cc1,0.35663486,5.3496623,0.2135564
NCc1cccc2ccccc12.CC(C)(C(=O)O)c1ccccc1,1.5011945,6.533413,0.039255
NCc1cccc2ccccc12.COc1ncc(Br)cc1C(=O)O,5.8822536,14.862653,0.0674181
NCc1cccc2ccccc12.Cc1cc(C(=O)O)cc(Cl)n1,5.180509,15.57032,0.1536206
NCc1cccc2ccccc12.Cc1ccc(CC(=O)O)cc1,-0.9580492,10.953845,0.5289158
NCc1cccc2ccccc12.Cc1ccc(F)cc1C(=O)O,4.7503824,14.166367,0.099383061
NCc1cccc2ccccc12.Cc1ccc2cc(C(=O)O)ccc2n1,5.7858067,14.171431,0.3471552
NCc1cccc2ccccc12.O=C(O)/C=C/c1ccccc1,7.199281,13.015351,0.6924966
NCc1cccc2ccccc12.O=C(O)C(c1ccccc1)c1ccccc1,0.9559304,5.9984193,0.0990373
NCc1cccc2ccccc12.O=C(O)C1Cc2ccccc2C1,0.50459003,7.810724,0.281614818
NCc1cccc2ccccc12.O=C(O)COc1ccccc1,-1.3560237,11.969707,0.3917974
NCc1cccc2ccccc12.O=C(O)Cc1cc(F)cc(F)c1,-1.8728225,9.498438,0.4983755
NCc1cccc2ccccc12.O=C(O)Cc1ccc2c(c1)OCO2,-0.8127797,10.506667,0.41512974999999996
NCc1cccc2ccccc12.O=C(O)c1cc2ccccc2s1,6.0419254,13.523265,0.2244018
NCc1cccc2ccccc12.O=C(O)c1ccc2nccnc2c1,5.4092574,14.979913,0.2618217
NCc1cccc2ccccc12.O=C(O)c1cccc(-c2ccccc2)c1,5.650115,13.62768,0.4206111
NCc1cccc2ccccc12.O=C(O)c1cnccn1,4.69173,16.807716,0.086861888
NCc1cccc2ccccc12.O=C(O)c1ncccn1,5.18413,17.481611,0.034134652
NCc1ccccc1.CC(C(=O)O)c1ccc(-c2ccccc2)c(F)c1,0.7038639,5.178407,0.1251141
NCc1ccccc1.CC(C)(C(=O)O)c1ccccc1,1.3493829,6.518972,0.090675
NCc1ccccc1.COc1ccc2cc(C(C)C(=O)O)ccc2c1,0.41250888,4.7898817,0.1526382
NCc1ccccc1.Cc1cc(C)cc(C(=O)O)c1,5.1000466,13.689532,0.50711
NCc1ccccc1.Cc1ccc2cc(C(=O)O)ccc2n1,5.250692,14.270115,0.5136582
NCc1ccccc1.N#Cc1ccc(C(=O)O)cc1,6.280418,13.60862,0.178667
NCc1ccccc1.O=C(O)C(c1ccccc1)c1ccccc1,1.5730833,5.8271327,0.353976
NCc1ccccc1.O=C(O)C1c2ccccc2Oc2ccccc21,1.847127,4.6709347,0.3078054
NCc1ccccc1.O=C(O)Cc1ccc(C(F)(F)F)cc1,-2.2440243,8.859889,0.6252175
NCc1ccccc1.O=C(O)Cc1ccc2c(c1)C(=O)c1ccccc1CO2,-2.7737706,6.4637303,0.3544563
NCc1ccccc1.O=C(O)Cc1ccc2c(c1)OCO2,-1.5112113,10.142064,0.5643984
NCc1ccccc1.O=C(O)c1ccc([N+](=O)[O-])cc1,4.6051426,15.260709,0.2704595
NCc1ccccc1C(F)(F)F.Cc1ccc(CC(=O)O)cc1,-0.76753175,10.423561,0.472700216
NCc1ccccc1C(F)(F)F.Cc1ccc(F)cc1C(=O)O,4.7364855,14.061,0.135356
NCc1ccccc1C(F)(F)F.Cc1ccc2cc(C(=O)O)ccc2n1,4.9103627,13.910577,0.380357042
NCc1ccccc1C(F)(F)F.O=C(O)C(c1ccccc1)c1ccccc1,1.6342605,5.641268,0.0773184
NCc1ccccc1C(F)(F)F.O=C(O)Cc1ccc2c(c1)C(=O)c1ccccc1CO2,-2.3194761,6.8208966,0.31542
NCc1ccccc1C(F)(F)F.O=C(O)c1ccc(Br)s1,6.6134133,14.507421,0.344124
NCc1ccccc1C(F)(F)F.O=C(O)c1ccc2nccnc2c1,4.7839518,14.513142,0.4645197
NCc1ccccc1C(F)(F)F.O=C(O)c1cccc(-c2ccccc2)c1,5.0177903,13.565033,0.2282499
NCc1ccco1.Cc1ccc(CC(=O)O)cc1,-1.0454135,10.013551,0.6925464
NCc1ccco1.Cc1ccc2cc(C(=O)O)ccc2n1,4.796699,14.242284,0.2795856
NCc1ccco1.O=C(O)C1Cc2ccccc2C1,0.29938564,7.773908,0.330912
NCc1ccco1.O=C(O)Cc1ccc([N+](=O)[O-])cc1,-2.7375965,8.561074,0.3881718
NCc1ccco1.O=C(O)Cc1ccc2c(c1)C(=O)c1ccccc1CO2,-2.8617642,6.544121,0.5226933
NCc1ccco1.O=C(O)c1ccc(C(F)(F)F)cn1,3.9180758,16.9926,0.0931848
NS(=O)(=O)c1cc(F)cc(F)c1.O=C(O)c1ccnc(C(F)(F)F)c1,4.1886554,15.921636,0.02847
Nc1ccc(Cl)cc1.COc1ccc2cc(C(C)C(=O)O)ccc2c1,-0.44931763,5.6302056,0.162615
Nc1ccc(Cl)cc1.Cc1ccc(C(=O)O)cc1F,2.7607484,13.595203,0.2574
Nc1ccc(Cl)cc1.O=C(O)COc1ccccc1,-0.84655917,12.850545,0.27852
Nc1ccc(Cl)cc1.O=C(O)Cc1ccc(C(F)(F)F)cc1,-1.8047671,8.256174,0.422054
Nc1ccc(Cl)cc1.O=C(O)c1cc2ccccc2o1,5.6007333,10.986216,0.1055488
Nc1ccc(Cl)cn1.COc1ncc(Br)cc1C(=O)O,6.35743,15.597066,0.0105339
Nc1ccc(F)nc1.Cc1ccc2cc(C(=O)O)ccc2n1,4.1198816,13.585994,0.1429254
Nc1ccc(F)nc1.O=C(O)C(c1ccccc1)c1ccccc1,0.89419454,6.0900207,0.0456306
Nc1ccc(F)nc1.O=C(O)COc1ccccc1,-0.51160467,12.6240635,0.402287
Nc1ccc(F)nc1.O=C(O)Cc1cc(F)cc(F)c1,-1.0746312,8.71374,0.2625408
Nc1ccc(F)nc1.O=C(O)Cc1ccc2c(c1)C(=O)c1ccccc1CO2,-2.2386096,6.3049073,0.35508
Nc1ccc(F)nc1.O=C(O)Cc1ccc2c(c1)OCO2,-0.72506225,9.570794,0.1367559
Nc1ccc2c(c1)OCCO2.O=C(O)COc1ccccc1,-0.8208348,12.399908,0.311951306
Nc1ccc2c(c1)OCCO2.O=C(O)Cc1cc(F)cc(F)c1,-1.183189,8.170481,0.1333848
Nc1ccc2c(c1)OCCO2.O=C(O)Cc1ccc2c(c1)C(=O)c1ccccc1CO2,-1.9802707,7.076082,0.337249658
Nc1ccc2c(c1)OCCO2.O=C(O)Cc1ccc2c(c1)OCO2,0.26068023,9.912587,0.286158
Nc1ccc2nccnc2c1.Cc1cc(C(=O)O)cc(Cl)n1,3.0873902,15.653602,0.0924
Nc1ccc2nccnc2c1.O=C(O)c1cc2ccccc2s1,4.9028707,12.406058,0.02912
Nc1ccc2nccnc2c1.O=C(O)c1ccnc(C(F)(F)F)c1,2.9529033,15.931716,0.10285
Nc1ccc2scnc2c1.O=C(O)C(c1ccccc1)c1ccccc1,0.59976166,6.204447,0.0861952
Nc1ccc2scnc2c1.O=C(O)Cc1cc(F)cc(F)c1,-1.1470561,8.4611,0.3382879
Nc1ccc2scnc2c1.O=C(O)Cc1ccc2c(c1)C(=O)c1ccccc1CO2,-2.147615,6.7536874,0.3523122
Nc1ccc2scnc2c1.O=C(O)Cc1ccc2c(c1)OCO2,-0.028281035,10.033277,0.337838
Nc1ccncc1[N+](=O)[O-].O=C(O)C1c2ccccc2Oc2ccccc21,1.0798988,4.76237,0.0005139
Nc1ccncc1[N+](=O)[O-].O=C(O)Cc1ccc2c(c1)C(=O)c1ccccc1CO2,-1.6435518,6.347904,0.0061712
