Reaction #,Prod_Smiles,ArX_Smiles,Acid_Smiles,CAD Yield,bin
2689,C[C@@H](NC(=O)OC(C)(C)C)c1ccc(C2CCN(C(=O)c3nn(C)c4c3CN(C(=O)C3CC3)CC4)CC2)cc1,C[C@@H](NC(=O)OC(C)(C)C)c1ccc(Br)cc1,Cn1nc(C(=O)N2CCC(C(=O)O)CC2)c2c1CCN(C(=O)C1CC1)C2,27.8,>10
2692,Cn1nc(C(=O)N2CCC(c3cnc4sc(C(=O)N5CCOCC5)cc4c3)CC2)c2c1CCN(C(=O)C1CC1)C2,O=C(c1cc2cc(Br)cnc2s1)N1CCOCC1,Cn1nc(C(=O)N2CCC(C(=O)O)CC2)c2c1CCN(C(=O)C1CC1)C2,2.9,0< yield ≤10
2693,COc1ccccc1C1CCN(C(=O)c2nn(C)c3c2CN(C(=O)C2CC2)CC3)CC1,COc1ccccc1Br,Cn1nc(C(=O)N2CCC(C(=O)O)CC2)c2c1CCN(C(=O)C1CC1)C2,28.7,>10
2696,COc1cccc(C2CCN(C(=O)c3nn(C)c4c3CN(C(=O)C3CC3)CC4)CC2)c1,COc1cccc(Br)c1,Cn1nc(C(=O)N2CCC(C(=O)O)CC2)c2c1CCN(C(=O)C1CC1)C2,49.8,>10
2697,CC(=O)c1cccc(C2CCN(C(=O)c3nn(C)c4c3CN(C(=O)C3CC3)CC4)CC2)c1,CC(=O)c1cccc(Br)c1,Cn1nc(C(=O)N2CCC(C(=O)O)CC2)c2c1CCN(C(=O)C1CC1)C2,27.1,>10
2698,CC(=O)Nc1ccc(C2CCN(C(=O)c3nn(C)c4c3CN(C(=O)C3CC3)CC4)CC2)cc1,CC(=O)Nc1ccc(Br)cc1,Cn1nc(C(=O)N2CCC(C(=O)O)CC2)c2c1CCN(C(=O)C1CC1)C2,37.7,>10
2699,Cc1ccc(C2CCN(C(=O)c3nn(C)c4c3CN(C(=O)C3CC3)CC4)CC2)cc1,Cc1ccc(Br)cc1,Cn1nc(C(=O)N2CCC(C(=O)O)CC2)c2c1CCN(C(=O)C1CC1)C2,72.1,>10
2700,Cn1nc(C(=O)N2CCC(c3ccccc3F)CC2)c2c1CCN(C(=O)C1CC1)C2,Fc1ccccc1Br,Cn1nc(C(=O)N2CCC(C(=O)O)CC2)c2c1CCN(C(=O)C1CC1)C2,28.3,>10
2701,Cn1nc(C(=O)N2CCC(c3ccc(F)cc3)CC2)c2c1CCN(C(=O)C1CC1)C2,Fc1ccc(Br)cc1,Cn1nc(C(=O)N2CCC(C(=O)O)CC2)c2c1CCN(C(=O)C1CC1)C2,66.7,>10
2704,Cn1nc(C(=O)N2CCC(c3cccc(C#N)c3)CC2)c2c1CCN(C(=O)C1CC1)C2,N#Cc1cccc(Br)c1,Cn1nc(C(=O)N2CCC(C(=O)O)CC2)c2c1CCN(C(=O)C1CC1)C2,27.0,>10
2705,Cn1nc(C(=O)N2CCC(c3ccccc3O)CC2)c2c1CCN(C(=O)C1CC1)C2,Oc1ccccc1Br,Cn1nc(C(=O)N2CCC(C(=O)O)CC2)c2c1CCN(C(=O)C1CC1)C2,16.2,>10
2706,Cn1nc(C(=O)N2CCC(c3cccc(O)c3)CC2)c2c1CCN(C(=O)C1CC1)C2,Oc1cccc(Br)c1,Cn1nc(C(=O)N2CCC(C(=O)O)CC2)c2c1CCN(C(=O)C1CC1)C2,12.1,>10
2707,Cn1nc(C(=O)N2CCC(c3ccc(O)cc3)CC2)c2c1CCN(C(=O)C1CC1)C2,Oc1ccc(Br)cc1,Cn1nc(C(=O)N2CCC(C(=O)O)CC2)c2c1CCN(C(=O)C1CC1)C2,36.8,>10
2709,CC(O)c1ccc(C2CCN(C(=O)c3nn(C)c4c3CN(C(=O)C3CC3)CC4)CC2)cc1,CC(O)c1ccc(Br)cc1,Cn1nc(C(=O)N2CCC(C(=O)O)CC2)c2c1CCN(C(=O)C1CC1)C2,19.1,>10
2710,Cn1nc(C(=O)N2CCC(c3ccc(CO)cc3)CC2)c2c1CCN(C(=O)C1CC1)C2,OCc1ccc(Br)cc1,Cn1nc(C(=O)N2CCC(C(=O)O)CC2)c2c1CCN(C(=O)C1CC1)C2,24.4,>10
2712,Cn1nc(C(=O)N2CCC(c3c[nH]c(=O)[nH]c3=O)CC2)c2c1CCN(C(=O)C1CC1)C2,O=c1[nH]cc(Br)c(=O)[nH]1,Cn1nc(C(=O)N2CCC(C(=O)O)CC2)c2c1CCN(C(=O)C1CC1)C2,0.6,0< yield ≤10
2713,Cn1nc(C(=O)N2CCC(c3cncnc3)CC2)c2c1CCN(C(=O)C1CC1)C2,Brc1cncnc1,Cn1nc(C(=O)N2CCC(C(=O)O)CC2)c2c1CCN(C(=O)C1CC1)C2,60.9,>10
2714,Cn1nc(C(=O)N2CCC(c3cccnc3)CC2)c2c1CCN(C(=O)C1CC1)C2,Brc1cccnc1,Cn1nc(C(=O)N2CCC(C(=O)O)CC2)c2c1CCN(C(=O)C1CC1)C2,75.3,>10
2715,Cn1nc(C(=O)N2CCC(c3cncc4ccccc34)CC2)c2c1CCN(C(=O)C1CC1)C2,Brc1cncc2ccccc12,Cn1nc(C(=O)N2CCC(C(=O)O)CC2)c2c1CCN(C(=O)C1CC1)C2,7.4,0< yield ≤10
2717,Cn1nc(C(=O)N2CCC(c3ccc(CCN)cc3)CC2)c2c1CCN(C(=O)C1CC1)C2,NCCc1ccc(Br)cc1,Cn1nc(C(=O)N2CCC(C(=O)O)CC2)c2c1CCN(C(=O)C1CC1)C2,0.4,0< yield ≤10
2720,Cn1nc(C(=O)N2CCC(c3cnc(N)nc3)CC2)c2c1CCN(C(=O)C1CC1)C2,Nc1ncc(Br)cn1,Cn1nc(C(=O)N2CCC(C(=O)O)CC2)c2c1CCN(C(=O)C1CC1)C2,21.9,>10
2721,Cn1nc(C(=O)N2CCC(c3ncccn3)CC2)c2c1CCN(C(=O)C1CC1)C2,Brc1ncccn1,Cn1nc(C(=O)N2CCC(C(=O)O)CC2)c2c1CCN(C(=O)C1CC1)C2,20.4,>10
2725,CN(C)S(=O)(=O)c1ccc(C2CCN(C(=O)c3nn(C)c4c3CN(C(=O)C3CC3)CC4)CC2)cc1,CN(C)S(=O)(=O)c1ccc(Br)cc1,Cn1nc(C(=O)N2CCC(C(=O)O)CC2)c2c1CCN(C(=O)C1CC1)C2,18.2,>10
2728,Cn1nc(C(=O)N2CCC(c3ccc(S(C)(=O)=O)cc3)CC2)c2c1CCN(C(=O)C1CC1)C2,CS(=O)(=O)c1ccc(Br)cc1,Cn1nc(C(=O)N2CCC(C(=O)O)CC2)c2c1CCN(C(=O)C1CC1)C2,41.9,>10
2729,CC(C)c1ccc(C2CCN(C(=O)c3nn(C)c4c3CN(C(=O)C3CC3)CC4)CC2)cc1,CC(C)c1ccc(Br)cc1,Cn1nc(C(=O)N2CCC(C(=O)O)CC2)c2c1CCN(C(=O)C1CC1)C2,53.1,>10
2730,Cn1nc(C(=O)N2CCC(c3ccc(SC(F)(F)F)cc3)CC2)c2c1CCN(C(=O)C1CC1)C2,FC(F)(F)Sc1ccc(Br)cc1,Cn1nc(C(=O)N2CCC(C(=O)O)CC2)c2c1CCN(C(=O)C1CC1)C2,0.0,0
2731,Cn1nc(C(=O)N2CCC(c3ccc(-c4nnc(-c5ccccc5)o4)cc3)CC2)c2c1CCN(C(=O)C1CC1)C2,Brc1ccc(-c2nnc(-c3ccccc3)o2)cc1,Cn1nc(C(=O)N2CCC(C(=O)O)CC2)c2c1CCN(C(=O)C1CC1)C2,1.5,0< yield ≤10
2733,Cn1nc(C(=O)N2CCC(c3ccc(-c4ccccc4)c(F)c3)CC2)c2c1CCN(C(=O)C1CC1)C2,Fc1cc(Br)ccc1-c1ccccc1,Cn1nc(C(=O)N2CCC(C(=O)O)CC2)c2c1CCN(C(=O)C1CC1)C2,23.1,>10
2734,CC(=O)Nc1ccc(C(C)=O)cc1C1CCN(C(=O)c2nn(C)c3c2CN(C(=O)C2CC2)CC3)CC1,CC(=O)Nc1ccc(C(C)=O)cc1Br,Cn1nc(C(=O)N2CCC(C(=O)O)CC2)c2c1CCN(C(=O)C1CC1)C2,3.5,0< yield ≤10
2735,CC(=O)N1CCc2cc(C3CCN(C(=O)c4nn(C)c5c4CN(C(=O)C4CC4)CC5)CC3)ccc21,CC(=O)N1CCc2cc(Br)ccc21,Cn1nc(C(=O)N2CCC(C(=O)O)CC2)c2c1CCN(C(=O)C1CC1)C2,0.1,0< yield ≤10
2736,Cn1nc(C(=O)N2CCC(c3cc(C(F)(F)F)cc4[nH]cnc34)CC2)c2c1CCN(C(=O)C1CC1)C2,FC(F)(F)c1cc(Br)c2nc[nH]c2c1,Cn1nc(C(=O)N2CCC(C(=O)O)CC2)c2c1CCN(C(=O)C1CC1)C2,0.0,0
2737,Cc1ccnc(C2CCN(C(=O)c3nn(C)c4c3CN(C(=O)C3CC3)CC4)CC2)c1,Cc1ccnc(Br)c1,Cn1nc(C(=O)N2CCC(C(=O)O)CC2)c2c1CCN(C(=O)C1CC1)C2,85.7,>10
2740,Cn1nc(C(=O)N2CCC(c3ccc4oc5ccccc5c4c3)CC2)c2c1CCN(C(=O)C1CC1)C2,Brc1ccc2oc3ccccc3c2c1,Cn1nc(C(=O)N2CCC(C(=O)O)CC2)c2c1CCN(C(=O)C1CC1)C2,24.8,>10
2742,Cn1nc(C(=O)N2CCC(c3ccc4c(c3)C3(OCCO3)C(=O)N4)CC2)c2c1CCN(C(=O)C1CC1)C2,O=C1Nc2ccc(Br)cc2C12OCCO2,Cn1nc(C(=O)N2CCC(C(=O)O)CC2)c2c1CCN(C(=O)C1CC1)C2,3.7,0< yield ≤10
2743,Cn1nc(C(=O)N2CCC(c3csc(C#N)c3)CC2)c2c1CCN(C(=O)C1CC1)C2,N#Cc1cc(Br)cs1,Cn1nc(C(=O)N2CCC(C(=O)O)CC2)c2c1CCN(C(=O)C1CC1)C2,30.6,>10
2744,Cn1nc(C(=O)N2CCC(c3ccc4ncnc(O)c4c3)CC2)c2c1CCN(C(=O)C1CC1)C2,Oc1ncnc2ccc(Br)cc12,Cn1nc(C(=O)N2CCC(C(=O)O)CC2)c2c1CCN(C(=O)C1CC1)C2,37.2,>10
2746,Cn1nc(C(=O)N2CCC(c3ccc(-c4ccn[nH]4)s3)CC2)c2c1CCN(C(=O)C1CC1)C2,Brc1ccc(-c2ccn[nH]2)s1,Cn1nc(C(=O)N2CCC(C(=O)O)CC2)c2c1CCN(C(=O)C1CC1)C2,0.3,0< yield ≤10
2747,Cn1nc(C(=O)N2CCC(c3ccc(N4CCNCC4)cc3)CC2)c2c1CCN(C(=O)C1CC1)C2,Brc1ccc(N2CCNCC2)cc1,Cn1nc(C(=O)N2CCC(C(=O)O)CC2)c2c1CCN(C(=O)C1CC1)C2,0.0,0
2748,Cn1nc(C(=O)N2CCC(c3ccccc3-c3nnn[nH]3)CC2)c2c1CCN(C(=O)C1CC1)C2,Brc1ccccc1-c1nnn[nH]1,Cn1nc(C(=O)N2CCC(C(=O)O)CC2)c2c1CCN(C(=O)C1CC1)C2,0.0,0
2749,Cn1nc(C(=O)N2CCC(c3ccc4[nH]cnc4c3)CC2)c2c1CCN(C(=O)C1CC1)C2,Brc1ccc2[nH]cnc2c1,Cn1nc(C(=O)N2CCC(C(=O)O)CC2)c2c1CCN(C(=O)C1CC1)C2,35.4,>10
2750,C#Cc1ccc(C2CCN(C(=O)c3nn(C)c4c3CN(C(=O)C3CC3)CC4)CC2)cc1,C#Cc1ccc(Br)cc1,Cn1nc(C(=O)N2CCC(C(=O)O)CC2)c2c1CCN(C(=O)C1CC1)C2,0.0,0
2751,CC(=O)/C=C/c1ccc(C2CCN(C(=O)c3nn(C)c4c3CN(C(=O)C3CC3)CC4)CC2)cc1,CC(=O)/C=C/c1ccc(Br)cc1,Cn1nc(C(=O)N2CCC(C(=O)O)CC2)c2c1CCN(C(=O)C1CC1)C2,0.0,0
2752,CSc1ncc(C2CCN(C(=O)c3nn(C)c4c3CN(C(=O)C3CC3)CC4)CC2)cn1,CSc1ncc(Br)cn1,Cn1nc(C(=O)N2CCC(C(=O)O)CC2)c2c1CCN(C(=O)C1CC1)C2,34.0,>10
2753,Cc1ccc(C2CCN(C(=O)c3nn(C)c4c3CN(C(=O)C3CC3)CC4)CC2)nc1,Cc1ccc(Br)nc1,Cn1nc(C(=O)N2CCC(C(=O)O)CC2)c2c1CCN(C(=O)C1CC1)C2,55.5,>10
2754,CC(=O)Cc1cccc(C2CCN(C(=O)c3nn(C)c4c3CN(C(=O)C3CC3)CC4)CC2)c1,CC(=O)Cc1cccc(Br)c1,Cn1nc(C(=O)N2CCC(C(=O)O)CC2)c2c1CCN(C(=O)C1CC1)C2,31.2,>10
2755,Cn1nc(C(=O)N2CCC(c3ccc(-c4nc5ccccc5[nH]4)cc3)CC2)c2c1CCN(C(=O)C1CC1)C2,Brc1ccc(-c2nc3ccccc3[nH]2)cc1,Cn1nc(C(=O)N2CCC(C(=O)O)CC2)c2c1CCN(C(=O)C1CC1)C2,20.4,>10
2756,Cn1nc(C(=O)N2CCC(c3cnc(O)nc3)CC2)c2c1CCN(C(=O)C1CC1)C2,Oc1ncc(Br)cn1,Cn1nc(C(=O)N2CCC(C(=O)O)CC2)c2c1CCN(C(=O)C1CC1)C2,0.3,0< yield ≤10
2757,Cn1nc(C(=O)N2CCC(c3cncnc3N)CC2)c2c1CCN(C(=O)C1CC1)C2,Nc1ncncc1Br,Cn1nc(C(=O)N2CCC(C(=O)O)CC2)c2c1CCN(C(=O)C1CC1)C2,17.7,>10
2758,Cn1nc(C(=O)N2CCC(c3cc(N)ncn3)CC2)c2c1CCN(C(=O)C1CC1)C2,Nc1cc(Br)ncn1,Cn1nc(C(=O)N2CCC(C(=O)O)CC2)c2c1CCN(C(=O)C1CC1)C2,44.1,>10
2759,Cn1nc(C(=O)N2CCC(c3ccc(F)cn3)CC2)c2c1CCN(C(=O)C1CC1)C2,Fc1ccc(Br)nc1,Cn1nc(C(=O)N2CCC(C(=O)O)CC2)c2c1CCN(C(=O)C1CC1)C2,63.4,>10
2760,Cn1nc(C(=O)N2CCC(c3cc(O)ccn3)CC2)c2c1CCN(C(=O)C1CC1)C2,Oc1ccnc(Br)c1,Cn1nc(C(=O)N2CCC(C(=O)O)CC2)c2c1CCN(C(=O)C1CC1)C2,0.3,0< yield ≤10
2761,Cn1nc(C(=O)N2CCC(c3ccc(O)nc3)CC2)c2c1CCN(C(=O)C1CC1)C2,Oc1ccc(Br)cn1,Cn1nc(C(=O)N2CCC(C(=O)O)CC2)c2c1CCN(C(=O)C1CC1)C2,22.5,>10
2762,Cn1nc(C(=O)N2CCC(c3cccc(O)n3)CC2)c2c1CCN(C(=O)C1CC1)C2,Oc1cccc(Br)n1,Cn1nc(C(=O)N2CCC(C(=O)O)CC2)c2c1CCN(C(=O)C1CC1)C2,18.8,>10
2765,Cn1nc(C(=O)N2CCC(c3ccc4ncccc4n3)CC2)c2c1CCN(C(=O)C1CC1)C2,Brc1ccc2ncccc2n1,Cn1nc(C(=O)N2CCC(C(=O)O)CC2)c2c1CCN(C(=O)C1CC1)C2,14.2,>10
2766,Cn1nc(C(=O)N2CCC(c3ccc4cccnc4n3)CC2)c2c1CCN(C(=O)C1CC1)C2,Brc1ccc2cccnc2n1,Cn1nc(C(=O)N2CCC(C(=O)O)CC2)c2c1CCN(C(=O)C1CC1)C2,58.4,>10
2767,Cn1nc(C(=O)N2CCC(c3cccc(C(C)(C)C)c3)CC2)c2c1CCN(C(=O)C1CC1)C2,CC(C)(C)c1cccc(Br)c1,Cn1nc(C(=O)N2CCC(C(=O)O)CC2)c2c1CCN(C(=O)C1CC1)C2,67.2,>10
2769,Cn1nc(C(=O)N2CCC(c3ccc4nccc(O)c4c3)CC2)c2c1CCN(C(=O)C1CC1)C2,Oc1ccnc2ccc(Br)cc12,Cn1nc(C(=O)N2CCC(C(=O)O)CC2)c2c1CCN(C(=O)C1CC1)C2,20.3,>10
2771,Cn1nc(C(=O)N2CCC(c3ccc(C(=O)N4CCOCC4)cc3)CC2)c2c1CCN(C(=O)C1CC1)C2,O=C(c1ccc(Br)cc1)N1CCOCC1,Cn1nc(C(=O)N2CCC(C(=O)O)CC2)c2c1CCN(C(=O)C1CC1)C2,68.5,>10
2772,Cn1nc(C(=O)N2CCC(c3ccc4nn[nH]c4c3)CC2)c2c1CCN(C(=O)C1CC1)C2,Brc1ccc2nn[nH]c2c1,Cn1nc(C(=O)N2CCC(C(=O)O)CC2)c2c1CCN(C(=O)C1CC1)C2,0.0,0
2774,Cn1nc(C(=O)N2CCC(c3cccc(C(=O)C(F)(F)F)c3)CC2)c2c1CCN(C(=O)C1CC1)C2,O=C(c1cccc(Br)c1)C(F)(F)F,Cn1nc(C(=O)N2CCC(C(=O)O)CC2)c2c1CCN(C(=O)C1CC1)C2,0.0,0
2775,Cn1nc(C(=O)N2CCC(c3ccc(S(=O)(=O)CCO)cc3)CC2)c2c1CCN(C(=O)C1CC1)C2,O=S(=O)(CCO)c1ccc(Br)cc1,Cn1nc(C(=O)N2CCC(C(=O)O)CC2)c2c1CCN(C(=O)C1CC1)C2,47.7,>10
2776,Cc1ccc(C2CCN(C(=O)c3nn(C)c4c3CN(C(=O)C3CC3)CC4)CC2)cn1,Cc1ccc(Br)cn1,Cn1nc(C(=O)N2CCC(C(=O)O)CC2)c2c1CCN(C(=O)C1CC1)C2,77.6,>10
2777,Cn1nc(C(=O)N2CCC(c3cncc(S(=O)(=O)O)c3)CC2)c2c1CCN(C(=O)C1CC1)C2,O=S(=O)(O)c1cncc(Br)c1,Cn1nc(C(=O)N2CCC(C(=O)O)CC2)c2c1CCN(C(=O)C1CC1)C2,0.0,0
2778,Cn1nc(C(=O)N2CCC(c3ccc(OC(C)(C)C)cc3)CC2)c2c1CCN(C(=O)C1CC1)C2,CC(C)(C)Oc1ccc(Br)cc1,Cn1nc(C(=O)N2CCC(C(=O)O)CC2)c2c1CCN(C(=O)C1CC1)C2,22.0,>10
2779,Cn1nc(C(=O)N2CCC(c3ccc(CN4CCOCC4)cc3)CC2)c2c1CCN(C(=O)C1CC1)C2,Brc1ccc(CN2CCOCC2)cc1,Cn1nc(C(=O)N2CCC(C(=O)O)CC2)c2c1CCN(C(=O)C1CC1)C2,0.0,0
2780,CNC(=O)c1cccc(C2CCN(C(=O)c3nn(C)c4c3CN(C(=O)C3CC3)CC4)CC2)c1,CNC(=O)c1cccc(Br)c1,Cn1nc(C(=O)N2CCC(C(=O)O)CC2)c2c1CCN(C(=O)C1CC1)C2,69.6,>10
2781,Cn1nc(C(=O)N2CCC(c3cccc(-c4nnn[nH]4)c3)CC2)c2c1CCN(C(=O)C1CC1)C2,Brc1cccc(-c2nnn[nH]2)c1,Cn1nc(C(=O)N2CCC(C(=O)O)CC2)c2c1CCN(C(=O)C1CC1)C2,7.5,0< yield ≤10
2784,Cn1nc(C(=O)N2CCC(c3ccc(CCC#N)cc3)CC2)c2c1CCN(C(=O)C1CC1)C2,N#CCCc1ccc(Br)cc1,Cn1nc(C(=O)N2CCC(C(=O)O)CC2)c2c1CCN(C(=O)C1CC1)C2,33.6,>10
2785,Cn1nc(C(=O)N2CCC(c3ccc(C4(C#N)CC4)cc3)CC2)c2c1CCN(C(=O)C1CC1)C2,N#CC1(c2ccc(Br)cc2)CC1,Cn1nc(C(=O)N2CCC(C(=O)O)CC2)c2c1CCN(C(=O)C1CC1)C2,0.0,0
2786,Cn1nc(C(=O)N2CCC(c3ccc(C4OCCO4)cc3)CC2)c2c1CCN(C(=O)C1CC1)C2,Brc1ccc(C2OCCO2)cc1,Cn1nc(C(=O)N2CCC(C(=O)O)CC2)c2c1CCN(C(=O)C1CC1)C2,0.0,0
2787,Cn1cnc(C2CCN(C(=O)c3nn(C)c4c3CN(C(=O)C3CC3)CC4)CC2)c1,Cn1cnc(Br)c1,Cn1nc(C(=O)N2CCC(C(=O)O)CC2)c2c1CCN(C(=O)C1CC1)C2,21.0,>10
2788,CC(=O)c1cc(C2CCN(C(=O)c3nn(C)c4c3CN(C(=O)C3CC3)CC4)CC2)cs1,CC(=O)c1cc(Br)cs1,Cn1nc(C(=O)N2CCC(C(=O)O)CC2)c2c1CCN(C(=O)C1CC1)C2,17.2,>10
2789,COc1cccnc1C1CCN(C(=O)c2nn(C)c3c2CN(C(=O)C2CC2)CC3)CC1,COc1cccnc1Br,Cn1nc(C(=O)N2CCC(C(=O)O)CC2)c2c1CCN(C(=O)C1CC1)C2,42.4,>10
2791,Cn1nc(C(=O)N2CCC(c3ccnc(N)c3)CC2)c2c1CCN(C(=O)C1CC1)C2,Nc1cc(Br)ccn1,Cn1nc(C(=O)N2CCC(C(=O)O)CC2)c2c1CCN(C(=O)C1CC1)C2,0.3,0< yield ≤10
2793,Cc1cncc(C2CCN(C(=O)c3nn(C)c4c3CN(C(=O)C3CC3)CC4)CC2)c1,Cc1cncc(Br)c1,Cn1nc(C(=O)N2CCC(C(=O)O)CC2)c2c1CCN(C(=O)C1CC1)C2,67.6,>10
2794,Cn1nc(C(=O)N2CCC(c3cccc4cnccc34)CC2)c2c1CCN(C(=O)C1CC1)C2,Brc1cccc2cnccc12,Cn1nc(C(=O)N2CCC(C(=O)O)CC2)c2c1CCN(C(=O)C1CC1)C2,4.2,0< yield ≤10
2795,Cn1nc(C(=O)N2CCC(c3ccc4oc(N)nc4c3)CC2)c2c1CCN(C(=O)C1CC1)C2,Nc1nc2cc(Br)ccc2o1,Cn1nc(C(=O)N2CCC(C(=O)O)CC2)c2c1CCN(C(=O)C1CC1)C2,23.7,>10
2796,Cn1nc(C(=O)N2CCC(c3ccc4nc(N)oc4c3)CC2)c2c1CCN(C(=O)C1CC1)C2,Nc1nc2ccc(Br)cc2o1,Cn1nc(C(=O)N2CCC(C(=O)O)CC2)c2c1CCN(C(=O)C1CC1)C2,13.1,>10
2799,Cn1nc(C(=O)N2CCC(c3cccc(C#C[Si](C)(C)C)c3)CC2)c2c1CCN(C(=O)C1CC1)C2,C[Si](C)(C)C#Cc1cccc(Br)c1,Cn1nc(C(=O)N2CCC(C(=O)O)CC2)c2c1CCN(C(=O)C1CC1)C2,0.0,0
2801,Cn1nc(C(=O)N2CCC(c3cccc(-c4cc[nH]n4)c3)CC2)c2c1CCN(C(=O)C1CC1)C2,Brc1cccc(-c2cc[nH]n2)c1,Cn1nc(C(=O)N2CCC(C(=O)O)CC2)c2c1CCN(C(=O)C1CC1)C2,38.0,>10
2802,Cn1nc(C(=O)N2CCC(c3cc(=O)[nH]nc3-c3ccccc3)CC2)c2c1CCN(C(=O)C1CC1)C2,O=c1cc(Br)c(-c2ccccc2)n[nH]1,Cn1nc(C(=O)N2CCC(C(=O)O)CC2)c2c1CCN(C(=O)C1CC1)C2,10.2,>10
2803,Cn1nc(C(=O)N2CCC(c3ccc(B(O)O)s3)CC2)c2c1CCN(C(=O)C1CC1)C2,OB(O)c1ccc(Br)s1,Cn1nc(C(=O)N2CCC(C(=O)O)CC2)c2c1CCN(C(=O)C1CC1)C2,3.0,0< yield ≤10
2804,Cn1nc(C(=O)N2CCC(c3ccc(CN4CCNCC4)cc3)CC2)c2c1CCN(C(=O)C1CC1)C2,Brc1ccc(CN2CCNCC2)cc1,Cn1nc(C(=O)N2CCC(C(=O)O)CC2)c2c1CCN(C(=O)C1CC1)C2,0.0,0
2805,Cn1nc(C(=O)N2CCC(c3ncc[nH]3)CC2)c2c1CCN(C(=O)C1CC1)C2,Brc1ncc[nH]1,Cn1nc(C(=O)N2CCC(C(=O)O)CC2)c2c1CCN(C(=O)C1CC1)C2,15.2,>10
2806,Cn1nc(C(=O)N2CCC(c3ccc4ccncc4n3)CC2)c2c1CCN(C(=O)C1CC1)C2,Brc1ccc2ccncc2n1,Cn1nc(C(=O)N2CCC(C(=O)O)CC2)c2c1CCN(C(=O)C1CC1)C2,0.3,0< yield ≤10
2807,Cn1nc(C(=O)N2CCC(c3cccc4nccnc34)CC2)c2c1CCN(C(=O)C1CC1)C2,Brc1cccc2nccnc12,Cn1nc(C(=O)N2CCC(C(=O)O)CC2)c2c1CCN(C(=O)C1CC1)C2,7.3,0< yield ≤10
2808,Cn1nc(C(=O)N2CCC(c3ccc(C4CCCN4)cc3)CC2)c2c1CCN(C(=O)C1CC1)C2,Brc1ccc(C2CCCN2)cc1,Cn1nc(C(=O)N2CCC(C(=O)O)CC2)c2c1CCN(C(=O)C1CC1)C2,0.0,0
2809,CN1CCOc2cc(C3CCN(C(=O)c4nn(C)c5c4CN(C(=O)C4CC4)CC5)CC3)ccc21,CN1CCOc2cc(Br)ccc21,Cn1nc(C(=O)N2CCC(C(=O)O)CC2)c2c1CCN(C(=O)C1CC1)C2,0.0,0
2810,Cn1nc(C(=O)N2CCC(c3ccc(N4CCOCC4)nc3)CC2)c2c1CCN(C(=O)C1CC1)C2,Brc1ccc(N2CCOCC2)nc1,Cn1nc(C(=O)N2CCC(C(=O)O)CC2)c2c1CCN(C(=O)C1CC1)C2,0.0,0
2814,Cn1nc(C(=O)N2CCC(c3cccc(OC(F)(F)C(F)F)c3)CC2)c2c1CCN(C(=O)C1CC1)C2,FC(F)C(F)(F)Oc1cccc(Br)c1,Cn1nc(C(=O)N2CCC(C(=O)O)CC2)c2c1CCN(C(=O)C1CC1)C2,0.0,0
2815,Cn1nc(C(=O)N2CCC(c3nncc4ccccc34)CC2)c2c1CCN(C(=O)C1CC1)C2,Brc1nncc2ccccc12,Cn1nc(C(=O)N2CCC(C(=O)O)CC2)c2c1CCN(C(=O)C1CC1)C2,0.0,0
2816,CNC(=O)c1ccnc(C2CCN(C(=O)c3nn(C)c4c3CN(C(=O)C3CC3)CC4)CC2)c1,CNC(=O)c1ccnc(Br)c1,Cn1nc(C(=O)N2CCC(C(=O)O)CC2)c2c1CCN(C(=O)C1CC1)C2,75.2,>10
2822,Cn1nc(C(=O)N2CCC(c3cnc(Oc4cccnc4)nc3)CC2)c2c1CCN(C(=O)C1CC1)C2,Brc1cnc(Oc2cccnc2)nc1,Cn1nc(C(=O)N2CCC(C(=O)O)CC2)c2c1CCN(C(=O)C1CC1)C2,51.1,>10
2823,Cc1cc(C2CCN(C(=O)c3nn(C)c4c3CN(C(=O)C3CC3)CC4)CC2)ccn1,Cc1cc(Br)ccn1,Cn1nc(C(=O)N2CCC(C(=O)O)CC2)c2c1CCN(C(=O)C1CC1)C2,85.9,>10
2825,CCC(=O)c1ccc(C2CCN(C(=O)c3nn(C)c4c3CN(C(=O)C3CC3)CC4)CC2)cc1O,CCC(=O)c1ccc(Br)cc1O,Cn1nc(C(=O)N2CCC(C(=O)O)CC2)c2c1CCN(C(=O)C1CC1)C2,0.0,0
2826,Cn1nc(C(=O)N2CCC(c3ccccc3N3CCNCC3)CC2)c2c1CCN(C(=O)C1CC1)C2,Brc1ccccc1N1CCNCC1,Cn1nc(C(=O)N2CCC(C(=O)O)CC2)c2c1CCN(C(=O)C1CC1)C2,0.0,0
2829,Cn1nc(C(=O)N2CCC(c3ccc4c(c3)NC(=O)CCC4)CC2)c2c1CCN(C(=O)C1CC1)C2,O=C1CCCc2ccc(Br)cc2N1,Cn1nc(C(=O)N2CCC(C(=O)O)CC2)c2c1CCN(C(=O)C1CC1)C2,47.2,>10
2830,Cn1nc(C(=O)N2CCC(c3cccc(N4CCCC4)c3)CC2)c2c1CCN(C(=O)C1CC1)C2,Brc1cccc(N2CCCC2)c1,Cn1nc(C(=O)N2CCC(C(=O)O)CC2)c2c1CCN(C(=O)C1CC1)C2,0.0,0
2831,Cn1nc(C(=O)N2CCC(c3cnc4ncccc4c3)CC2)c2c1CCN(C(=O)C1CC1)C2,Brc1cnc2ncccc2c1,Cn1nc(C(=O)N2CCC(C(=O)O)CC2)c2c1CCN(C(=O)C1CC1)C2,9.0,0< yield ≤10
2832,Cn1nc(C(=O)N2CCC(c3ccc(O)cn3)CC2)c2c1CCN(C(=O)C1CC1)C2,Oc1ccc(Br)nc1,Cn1nc(C(=O)N2CCC(C(=O)O)CC2)c2c1CCN(C(=O)C1CC1)C2,28.9,>10
2833,Cn1nc(C(=O)N2CCC(c3nncs3)CC2)c2c1CCN(C(=O)C1CC1)C2,Brc1nncs1,Cn1nc(C(=O)N2CCC(C(=O)O)CC2)c2c1CCN(C(=O)C1CC1)C2,0.0,0
2835,CC(=O)CC(=O)c1ccc(C2CCN(C(=O)c3nn(C)c4c3CN(C(=O)C3CC3)CC4)CC2)cc1,CC(=O)CC(=O)c1ccc(Br)cc1,Cn1nc(C(=O)N2CCC(C(=O)O)CC2)c2c1CCN(C(=O)C1CC1)C2,0.0,0
2837,Cn1nc(C(=O)N2CCC(c3cncc(C(F)(F)F)c3)CC2)c2c1CCN(C(=O)C1CC1)C2,FC(F)(F)c1cncc(Br)c1,Cn1nc(C(=O)N2CCC(C(=O)O)CC2)c2c1CCN(C(=O)C1CC1)C2,47.7,>10
2839,Cn1nc(C(=O)N2CCC(c3ccc4cnccc4c3)CC2)c2c1CCN(C(=O)C1CC1)C2,Brc1ccc2cnccc2c1,Cn1nc(C(=O)N2CCC(C(=O)O)CC2)c2c1CCN(C(=O)C1CC1)C2,19.6,>10
2840,Cn1nc(C(=O)N2CCC(c3ccc(-c4ncco4)cc3)CC2)c2c1CCN(C(=O)C1CC1)C2,Brc1ccc(-c2ncco2)cc1,Cn1nc(C(=O)N2CCC(C(=O)O)CC2)c2c1CCN(C(=O)C1CC1)C2,12.4,>10
2842,Cn1nc(C(=O)N2CCC(c3cnc4[nH]ncc4c3)CC2)c2c1CCN(C(=O)C1CC1)C2,Brc1cnc2[nH]ncc2c1,Cn1nc(C(=O)N2CCC(C(=O)O)CC2)c2c1CCN(C(=O)C1CC1)C2,19.7,>10
2843,Cn1nc(C(=O)N2CCC(c3cccc4[nH]ncc34)CC2)c2c1CCN(C(=O)C1CC1)C2,Brc1cccc2[nH]ncc12,Cn1nc(C(=O)N2CCC(C(=O)O)CC2)c2c1CCN(C(=O)C1CC1)C2,29.0,>10
2845,Cn1nc(C(=O)N2CCC(c3ccc(-c4cccs4)cc3)CC2)c2c1CCN(C(=O)C1CC1)C2,Brc1ccc(-c2cccs2)cc1,Cn1nc(C(=O)N2CCC(C(=O)O)CC2)c2c1CCN(C(=O)C1CC1)C2,4.0,0< yield ≤10
2846,Cn1nc(C(=O)N2CCC(c3cccc4c3c(CO)cn4C(=O)OC(C)(C)C)CC2)c2c1CCN(C(=O)C1CC1)C2,CC(C)(C)OC(=O)n1cc(CO)c2c(Br)cccc21,Cn1nc(C(=O)N2CCC(C(=O)O)CC2)c2c1CCN(C(=O)C1CC1)C2,0.0,0
2848,COc1cc(OC)cc(C2CCN(C(=O)c3nn(C)c4c3CN(C(=O)C3CC3)CC4)CC2)c1,COc1cc(Br)cc(OC)c1,Cn1nc(C(=O)N2CCC(C(=O)O)CC2)c2c1CCN(C(=O)C1CC1)C2,16.8,>10
2849,Cn1nc(C(=O)N2CCC(c3cnc4ncccn34)CC2)c2c1CCN(C(=O)C1CC1)C2,Brc1cnc2ncccn12,Cn1nc(C(=O)N2CCC(C(=O)O)CC2)c2c1CCN(C(=O)C1CC1)C2,81.1,>10
2851,CCOc1ccc(F)c(B(O)O)c1C1CCN(C(=O)c2nn(C)c3c2CN(C(=O)C2CC2)CC3)CC1,CCOc1ccc(F)c(B(O)O)c1Br,Cn1nc(C(=O)N2CCC(C(=O)O)CC2)c2c1CCN(C(=O)C1CC1)C2,0.0,0
2852,Cn1nc(C(=O)N2CCC(c3ccc(NC(=O)OC(C)(C)C)nc3)CC2)c2c1CCN(C(=O)C1CC1)C2,CC(C)(C)OC(=O)Nc1ccc(Br)cn1,Cn1nc(C(=O)N2CCC(C(=O)O)CC2)c2c1CCN(C(=O)C1CC1)C2,11.4,>10
2853,CC(=O)c1ccc(Oc2cccc(C3CCN(C(=O)c4nn(C)c5c4CN(C(=O)C4CC4)CC5)CC3)c2)cc1,CC(=O)c1ccc(Oc2cccc(Br)c2)cc1,Cn1nc(C(=O)N2CCC(C(=O)O)CC2)c2c1CCN(C(=O)C1CC1)C2,19.0,>10
2854,Cn1nc(C(=O)N2CCC(c3ncccc3OC3CCCCO3)CC2)c2c1CCN(C(=O)C1CC1)C2,Brc1ncccc1OC1CCCCO1,Cn1nc(C(=O)N2CCC(C(=O)O)CC2)c2c1CCN(C(=O)C1CC1)C2,44.7,>10
2855,Cn1nc(C(=O)N2CCC(c3ccc(-c4nc5cnccc5[nH]4)cc3)CC2)c2c1CCN(C(=O)C1CC1)C2,Brc1ccc(-c2nc3cnccc3[nH]2)cc1,Cn1nc(C(=O)N2CCC(C(=O)O)CC2)c2c1CCN(C(=O)C1CC1)C2,1.3,0< yield ≤10
2857,Cn1nc(C(=O)N2CCC(c3ccc(CN4CCN(C(=O)OC(C)(C)C)CC4)cc3)CC2)c2c1CCN(C(=O)C1CC1)C2,CC(C)(C)OC(=O)N1CCN(Cc2ccc(Br)cc2)CC1,Cn1nc(C(=O)N2CCC(C(=O)O)CC2)c2c1CCN(C(=O)C1CC1)C2,0.0,0
2858,Cn1nc(C(=O)N2CCC(c3cnc4[nH]ccc4c3)CC2)c2c1CCN(C(=O)C1CC1)C2,Brc1cnc2[nH]ccc2c1,Cn1nc(C(=O)N2CCC(C(=O)O)CC2)c2c1CCN(C(=O)C1CC1)C2,57.1,>10
2861,Cn1nc(C(=O)N2CCC(c3cnn4ccccc34)CC2)c2c1CCN(C(=O)C1CC1)C2,Brc1cnn2ccccc12,Cn1nc(C(=O)N2CCC(C(=O)O)CC2)c2c1CCN(C(=O)C1CC1)C2,0.3,0< yield ≤10
2865,Cn1nc(C(=O)N2CCC(c3cccc(C4CC(=O)NC(=O)C4)c3)CC2)c2c1CCN(C(=O)C1CC1)C2,O=C1CC(c2cccc(Br)c2)CC(=O)N1,Cn1nc(C(=O)N2CCC(C(=O)O)CC2)c2c1CCN(C(=O)C1CC1)C2,60.2,>10
2866,Cn1nnc(-c2ccc(C3CCN(C(=O)c4nn(C)c5c4CN(C(=O)C4CC4)CC5)CC3)cn2)n1,Cn1nnc(-c2ccc(Br)cn2)n1,Cn1nc(C(=O)N2CCC(C(=O)O)CC2)c2c1CCN(C(=O)C1CC1)C2,30.3,>10
2868,Cn1nc(C(=O)N2CCC(c3ccc(C(C)(C)N)cc3)CC2)c2c1CCN(C(=O)C1CC1)C2,CC(C)(N)c1ccc(Br)cc1,Cn1nc(C(=O)N2CCC(C(=O)O)CC2)c2c1CCN(C(=O)C1CC1)C2,0.0,0
2872,Cn1nc(C(=O)N2CCC(c3cccc(CNC(=O)OC(C)(C)C)n3)CC2)c2c1CCN(C(=O)C1CC1)C2,CC(C)(C)OC(=O)NCc1cccc(Br)n1,Cn1nc(C(=O)N2CCC(C(=O)O)CC2)c2c1CCN(C(=O)C1CC1)C2,34.1,>10
2873,Cn1nc(C(=O)N2CCC(c3cnc4ccccc4n3)CC2)c2c1CCN(C(=O)C1CC1)C2,Brc1cnc2ccccc2n1,Cn1nc(C(=O)N2CCC(C(=O)O)CC2)c2c1CCN(C(=O)C1CC1)C2,1.8,0< yield ≤10
2875,Cn1nc(C(=O)N2CCC(c3ccc(C4(N)CC4)cc3)CC2)c2c1CCN(C(=O)C1CC1)C2,NC1(c2ccc(Br)cc2)CC1,Cn1nc(C(=O)N2CCC(C(=O)O)CC2)c2c1CCN(C(=O)C1CC1)C2,0.0,0
2877,Cn1nc(C(=O)N2CCC(c3cnc(N4CCN(C(=O)OC(C)(C)C)CC4)nc3)CC2)c2c1CCN(C(=O)C1CC1)C2,CC(C)(C)OC(=O)N1CCN(c2ncc(Br)cn2)CC1,Cn1nc(C(=O)N2CCC(C(=O)O)CC2)c2c1CCN(C(=O)C1CC1)C2,1.5,0< yield ≤10
2878,Cn1nc(C(=O)N2CCC(c3ccnc4ccccc34)CC2)c2c1CCN(C(=O)C1CC1)C2,Brc1ccnc2ccccc12,Cn1nc(C(=O)N2CCC(C(=O)O)CC2)c2c1CCN(C(=O)C1CC1)C2,0.2,0< yield ≤10
2879,Cn1nc(C(=O)N2CCC(c3cccc(C(=O)c4ccccn4)c3)CC2)c2c1CCN(C(=O)C1CC1)C2,O=C(c1cccc(Br)c1)c1ccccn1,Cn1nc(C(=O)N2CCC(C(=O)O)CC2)c2c1CCN(C(=O)C1CC1)C2,0.0,0
2880,Cn1nc(C(=O)N2CCC(c3ccc4c(c3)OCC(=O)N4)CC2)c2c1CCN(C(=O)C1CC1)C2,O=C1COc2cc(Br)ccc2N1,Cn1nc(C(=O)N2CCC(C(=O)O)CC2)c2c1CCN(C(=O)C1CC1)C2,50.2,>10
2881,Cn1nc(C(=O)N2CCC(c3ccc4cncnc4c3)CC2)c2c1CCN(C(=O)C1CC1)C2,Brc1ccc2cncnc2c1,Cn1nc(C(=O)N2CCC(C(=O)O)CC2)c2c1CCN(C(=O)C1CC1)C2,0.3,0< yield ≤10
2883,Cn1nc(C(=O)N2CCC(c3ccc(NC4CCN(C(=O)OC(C)(C)C)CC4)cc3)CC2)c2c1CCN(C(=O)C1CC1)C2,CC(C)(C)OC(=O)N1CCC(Nc2ccc(Br)cc2)CC1,Cn1nc(C(=O)N2CCC(C(=O)O)CC2)c2c1CCN(C(=O)C1CC1)C2,0.0,0
2884,Cn1nc(C(=O)N2CCC(c3cnc(F)nc3F)CC2)c2c1CCN(C(=O)C1CC1)C2,Fc1ncc(Br)c(F)n1,Cn1nc(C(=O)N2CCC(C(=O)O)CC2)c2c1CCN(C(=O)C1CC1)C2,0.0,0
2885,Cn1nc(C(=O)N2CCC(c3ccc(C(C)(C)C#N)nc3)CC2)c2c1CCN(C(=O)C1CC1)C2,CC(C)(C#N)c1ccc(Br)cn1,Cn1nc(C(=O)N2CCC(C(=O)O)CC2)c2c1CCN(C(=O)C1CC1)C2,43.8,>10
2887,Cn1nc(C(=O)N2CCC(c3ccc4ncncc4c3)CC2)c2c1CCN(C(=O)C1CC1)C2,Brc1ccc2ncncc2c1,Cn1nc(C(=O)N2CCC(C(=O)O)CC2)c2c1CCN(C(=O)C1CC1)C2,9.2,0< yield ≤10
2888,Cn1nc(C(=O)N2CCC(c3ccc(CO)cc3F)CC2)c2c1CCN(C(=O)C1CC1)C2,OCc1ccc(Br)c(F)c1,Cn1nc(C(=O)N2CCC(C(=O)O)CC2)c2c1CCN(C(=O)C1CC1)C2,10.3,>10
2889,Cc1n[nH]c2cc(C3CCN(C(=O)c4nn(C)c5c4CN(C(=O)C4CC4)CC5)CC3)ccc12,Cc1n[nH]c2cc(Br)ccc12,Cn1nc(C(=O)N2CCC(C(=O)O)CC2)c2c1CCN(C(=O)C1CC1)C2,21.1,>10
2890,Cn1nc(C(=O)N2CCC(c3cccc4nccn34)CC2)c2c1CCN(C(=O)C1CC1)C2,Brc1cccc2nccn12,Cn1nc(C(=O)N2CCC(C(=O)O)CC2)c2c1CCN(C(=O)C1CC1)C2,20.6,>10
2893,COc1ccc2nccc(C3CCN(C(=O)c4nn(C)c5c4CN(C(=O)C4CC4)CC5)CC3)c2c1,COc1ccc2nccc(Br)c2c1,Cn1nc(C(=O)N2CCC(C(=O)O)CC2)c2c1CCN(C(=O)C1CC1)C2,0.3,0< yield ≤10
2895,Cn1nc(C(=O)N2CCC(c3ccc4ncnn4c3)CC2)c2c1CCN(C(=O)C1CC1)C2,Brc1ccc2ncnn2c1,Cn1nc(C(=O)N2CCC(C(=O)O)CC2)c2c1CCN(C(=O)C1CC1)C2,28.7,>10
2896,Cn1nc(C(=O)N2CCC(c3cn(C(=O)OC(C)(C)C)c4ncccc34)CC2)c2c1CCN(C(=O)C1CC1)C2,CC(C)(C)OC(=O)n1cc(Br)c2cccnc21,Cn1nc(C(=O)N2CCC(C(=O)O)CC2)c2c1CCN(C(=O)C1CC1)C2,14.3,>10
2897,CCOP(=O)(Cc1ccc(C2CCN(C(=O)c3nn(C)c4c3CN(C(=O)C3CC3)CC4)CC2)cn1)OCC,CCOP(=O)(Cc1ccc(Br)cn1)OCC,Cn1nc(C(=O)N2CCC(C(=O)O)CC2)c2c1CCN(C(=O)C1CC1)C2,1.6,0< yield ≤10
2898,Cc1cncc(C2CCN(C(=O)c3nn(C)c4c3CN(C(=O)C3CC3)CC4)CC2)n1,Cc1cncc(Br)n1,Cn1nc(C(=O)N2CCC(C(=O)O)CC2)c2c1CCN(C(=O)C1CC1)C2,11.3,>10
2899,Cn1nc(C(=O)N2CCC(c3ccc4ncn(C)c4c3)CC2)c2c1CCN(C(=O)C1CC1)C2,Cn1cnc2ccc(Br)cc21,Cn1nc(C(=O)N2CCC(C(=O)O)CC2)c2c1CCN(C(=O)C1CC1)C2,7.6,0< yield ≤10
2900,Cn1nc(C(=O)N2CCC(c3ccc4c(N)ncnn34)CC2)c2c1CCN(C(=O)C1CC1)C2,Nc1ncnn2c(Br)ccc12,Cn1nc(C(=O)N2CCC(C(=O)O)CC2)c2c1CCN(C(=O)C1CC1)C2,0.6,0< yield ≤10
2901,Cn1nc(C(=O)N2CCC(c3ncn[nH]3)CC2)c2c1CCN(C(=O)C1CC1)C2,Brc1ncn[nH]1,Cn1nc(C(=O)N2CCC(C(=O)O)CC2)c2c1CCN(C(=O)C1CC1)C2,0.0,0
2902,Cn1nc(C(=O)N2CCC(c3cccc4ccoc34)CC2)c2c1CCN(C(=O)C1CC1)C2,Brc1cccc2ccoc12,Cn1nc(C(=O)N2CCC(C(=O)O)CC2)c2c1CCN(C(=O)C1CC1)C2,31.1,>10
2903,Cn1ccc(-c2cccc(C3CCN(C(=O)c4nn(C)c5c4CN(C(=O)C4CC4)CC5)CC3)c2)n1,Cn1ccc(-c2cccc(Br)c2)n1,Cn1nc(C(=O)N2CCC(C(=O)O)CC2)c2c1CCN(C(=O)C1CC1)C2,34.9,>10
2904,Cc1ccc(S(=O)(=O)n2cc(C3CCN(C(=O)c4nn(C)c5c4CN(C(=O)C4CC4)CC5)CC3)c3ccccc32)cc1,Cc1ccc(S(=O)(=O)n2cc(Br)c3ccccc32)cc1,Cn1nc(C(=O)N2CCC(C(=O)O)CC2)c2c1CCN(C(=O)C1CC1)C2,0.3,0< yield ≤10
2905,COc1ccc2cc(C3CCN(C(=O)c4nn(C)c5c4CN(C(=O)C4CC4)CC5)CC3)cnc2n1,COc1ccc2cc(Br)cnc2n1,Cn1nc(C(=O)N2CCC(C(=O)O)CC2)c2c1CCN(C(=O)C1CC1)C2,8.1,0< yield ≤10
2906,COc1ccc2nc(C3CCN(C(=O)c4nn(C)c5c4CN(C(=O)C4CC4)CC5)CC3)ccc2n1,COc1ccc2nc(Br)ccc2n1,Cn1nc(C(=O)N2CCC(C(=O)O)CC2)c2c1CCN(C(=O)C1CC1)C2,53.3,>10
2907,COc1ncc2cc(C3CCN(C(=O)c4nn(C)c5c4CN(C(=O)C4CC4)CC5)CC3)ccc2n1,COc1ncc2cc(Br)ccc2n1,Cn1nc(C(=O)N2CCC(C(=O)O)CC2)c2c1CCN(C(=O)C1CC1)C2,16.7,>10
2908,COc1cc2ccc(C3CCN(C(=O)c4nn(C)c5c4CN(C(=O)C4CC4)CC5)CC3)nc2cn1,COc1cc2ccc(Br)nc2cn1,Cn1nc(C(=O)N2CCC(C(=O)O)CC2)c2c1CCN(C(=O)C1CC1)C2,0.0,0
2909,COc1ccc2cc(C3CCN(C(=O)c4nn(C)c5c4CN(C(=O)C4CC4)CC5)CC3)ncc2n1,COc1ccc2cc(Br)ncc2n1,Cn1nc(C(=O)N2CCC(C(=O)O)CC2)c2c1CCN(C(=O)C1CC1)C2,17.3,>10
2910,Cn1nc(C(=O)N2CCC(c3cc4ccc(C(F)(F)F)nc4cn3)CC2)c2c1CCN(C(=O)C1CC1)C2,FC(F)(F)c1ccc2cc(Br)ncc2n1,Cn1nc(C(=O)N2CCC(C(=O)O)CC2)c2c1CCN(C(=O)C1CC1)C2,5.0,0< yield ≤10
2912,Cn1nc(C(=O)N2CCC(c3cnc4nccn4c3)CC2)c2c1CCN(C(=O)C1CC1)C2,Brc1cnc2nccn2c1,Cn1nc(C(=O)N2CCC(C(=O)O)CC2)c2c1CCN(C(=O)C1CC1)C2,3.2,0< yield ≤10
2913,COc1ccc2[nH]cc(C3CCN(C(=O)c4nn(C)c5c4CN(C(=O)C4CC4)CC5)CC3)c2n1,COc1ccc2[nH]cc(Br)c2n1,Cn1nc(C(=O)N2CCC(C(=O)O)CC2)c2c1CCN(C(=O)C1CC1)C2,0.3,0< yield ≤10
2914,Cn1nc(C(=O)N2CCC(c3ccc4[nH]ccc4n3)CC2)c2c1CCN(C(=O)C1CC1)C2,Brc1ccc2[nH]ccc2n1,Cn1nc(C(=O)N2CCC(C(=O)O)CC2)c2c1CCN(C(=O)C1CC1)C2,43.5,>10
2915,Cn1nc(C(=O)N2CCC(c3cnc4cc[nH]c4c3)CC2)c2c1CCN(C(=O)C1CC1)C2,Brc1cnc2cc[nH]c2c1,Cn1nc(C(=O)N2CCC(C(=O)O)CC2)c2c1CCN(C(=O)C1CC1)C2,53.0,>10
2917,Cn1nc(C(=O)N2CCC(c3ccc4c(c3)CNC4=O)CC2)c2c1CCN(C(=O)C1CC1)C2,O=C1NCc2cc(Br)ccc21,Cn1nc(C(=O)N2CCC(C(=O)O)CC2)c2c1CCN(C(=O)C1CC1)C2,46.3,>10
2921,Cn1nc(C(=O)N2CCC(c3cn4ccnc4cn3)CC2)c2c1CCN(C(=O)C1CC1)C2,Brc1cn2ccnc2cn1,Cn1nc(C(=O)N2CCC(C(=O)O)CC2)c2c1CCN(C(=O)C1CC1)C2,24.2,>10
2922,Cc1cn[nH]c1-c1ccc(C2CCN(C(=O)c3nn(C)c4c3CN(C(=O)C3CC3)CC4)CC2)cc1,Cc1cn[nH]c1-c1ccc(Br)cc1,Cn1nc(C(=O)N2CCC(C(=O)O)CC2)c2c1CCN(C(=O)C1CC1)C2,41.0,>10
2923,Cn1nc(C(=O)N2CCC(c3cnc(C(F)(F)F)nc3)CC2)c2c1CCN(C(=O)C1CC1)C2,FC(F)(F)c1ncc(Br)cn1,Cn1nc(C(=O)N2CCC(C(=O)O)CC2)c2c1CCN(C(=O)C1CC1)C2,17.2,>10
2924,Cn1nc(C(=O)N2CCC(c3cccc4[nH]cnc34)CC2)c2c1CCN(C(=O)C1CC1)C2,Brc1cccc2[nH]cnc12,Cn1nc(C(=O)N2CCC(C(=O)O)CC2)c2c1CCN(C(=O)C1CC1)C2,28.3,>10
2925,CCCc1cc(NC(=O)OC(C)(C)C)c2cc(C3CCN(C(=O)c4nn(C)c5c4CN(C(=O)C4CC4)CC5)CC3)ccc2n1,CCCc1cc(NC(=O)OC(C)(C)C)c2cc(Br)ccc2n1,Cn1nc(C(=O)N2CCC(C(=O)O)CC2)c2c1CCN(C(=O)C1CC1)C2,27.9,>10
2928,CC(C)NC(=O)c1ccc(C2CCN(C(=O)c3nn(C)c4c3CN(C(=O)C3CC3)CC4)CC2)cn1,CC(C)NC(=O)c1ccc(Br)cn1,Cn1nc(C(=O)N2CCC(C(=O)O)CC2)c2c1CCN(C(=O)C1CC1)C2,0.0,0
2929,Cn1nc(C(=O)N2CCC(c3ccc(C(=O)NCc4ccccc4)nc3)CC2)c2c1CCN(C(=O)C1CC1)C2,O=C(NCc1ccccc1)c1ccc(Br)cn1,Cn1nc(C(=O)N2CCC(C(=O)O)CC2)c2c1CCN(C(=O)C1CC1)C2,11.0,>10
2930,C=CCc1ccc(C2CCN(C(=O)c3nn(C)c4c3CN(C(=O)C3CC3)CC4)CC2)c(F)c1,C=CCc1ccc(Br)c(F)c1,Cn1nc(C(=O)N2CCC(C(=O)O)CC2)c2c1CCN(C(=O)C1CC1)C2,0.9,0< yield ≤10
2931,Cn1nc(C(=O)N2CCC(c3cnn(-c4ncccn4)c3)CC2)c2c1CCN(C(=O)C1CC1)C2,Brc1cnn(-c2ncccn2)c1,Cn1nc(C(=O)N2CCC(C(=O)O)CC2)c2c1CCN(C(=O)C1CC1)C2,17.2,>10
2934,Cn1nc(C(=O)N2CCC(c3ccc(-n4cnnc4)nc3)CC2)c2c1CCN(C(=O)C1CC1)C2,Brc1ccc(-n2cnnc2)nc1,Cn1nc(C(=O)N2CCC(C(=O)O)CC2)c2c1CCN(C(=O)C1CC1)C2,28.4,>10
2935,Cn1nc(C(=O)N2CCC(c3ccc(CS(=O)(=O)N4CCCC4)cc3)CC2)c2c1CCN(C(=O)C1CC1)C2,O=S(=O)(Cc1ccc(Br)cc1)N1CCCC1,Cn1nc(C(=O)N2CCC(C(=O)O)CC2)c2c1CCN(C(=O)C1CC1)C2,29.7,>10
2936,Cn1nc(C(=O)N2CCC(c3ccc4c(c3)ncn4C)CC2)c2c1CCN(C(=O)C1CC1)C2,Cn1cnc2cc(Br)ccc21,Cn1nc(C(=O)N2CCC(C(=O)O)CC2)c2c1CCN(C(=O)C1CC1)C2,67.8,>10
2937,Cn1nc(C(=O)N2CCC(c3ccc4c(c3)NC(=O)CC4)CC2)c2c1CCN(C(=O)C1CC1)C2,O=C1CCc2ccc(Br)cc2N1,Cn1nc(C(=O)N2CCC(C(=O)O)CC2)c2c1CCN(C(=O)C1CC1)C2,29.9,>10
2939,Cn1nc(C(=O)N2CCC(c3ccc(N4CCCC4=O)c(F)c3)CC2)c2c1CCN(C(=O)C1CC1)C2,O=C1CCCN1c1ccc(Br)cc1F,Cn1nc(C(=O)N2CCC(C(=O)O)CC2)c2c1CCN(C(=O)C1CC1)C2,40.9,>10
2941,Cn1nc(C(=O)N2CCC(c3ccc4c(c3)oc3ccccc34)CC2)c2c1CCN(C(=O)C1CC1)C2,Brc1ccc2c(c1)oc1ccccc12,Cn1nc(C(=O)N2CCC(C(=O)O)CC2)c2c1CCN(C(=O)C1CC1)C2,21.7,>10
2942,COc1ccc(Cn2cnc3cc(C4CCN(C(=O)c5nn(C)c6c5CN(C(=O)C5CC5)CC6)CC4)ccc32)cc1,COc1ccc(Cn2cnc3cc(Br)ccc32)cc1,Cn1nc(C(=O)N2CCC(C(=O)O)CC2)c2c1CCN(C(=O)C1CC1)C2,66.6,>10
2943,Cn1nc(C(=O)N2CCC(c3cnc4nncn4c3)CC2)c2c1CCN(C(=O)C1CC1)C2,Brc1cnc2nncn2c1,Cn1nc(C(=O)N2CCC(C(=O)O)CC2)c2c1CCN(C(=O)C1CC1)C2,15.7,>10
2944,Cn1nc(C(=O)N2CCC(c3ccnc(N)n3)CC2)c2c1CCN(C(=O)C1CC1)C2,Nc1nccc(Br)n1,Cn1nc(C(=O)N2CCC(C(=O)O)CC2)c2c1CCN(C(=O)C1CC1)C2,52.4,>10
2945,Cn1nc(C(=O)N2CCC(c3ccc4nc(O)cnc4c3)CC2)c2c1CCN(C(=O)C1CC1)C2,Oc1cnc2cc(Br)ccc2n1,Cn1nc(C(=O)N2CCC(C(=O)O)CC2)c2c1CCN(C(=O)C1CC1)C2,0.6,0< yield ≤10
2947,Cn1cc(C2CCN(C(=O)c3nn(C)c4c3CN(C(=O)C3CC3)CC4)CC2)nn1,Cn1cc(Br)nn1,Cn1nc(C(=O)N2CCC(C(=O)O)CC2)c2c1CCN(C(=O)C1CC1)C2,15.5,>10
2948,Cn1nc(C(=O)N2CCC(c3ncnc4ccccc34)CC2)c2c1CCN(C(=O)C1CC1)C2,Brc1ncnc2ccccc12,Cn1nc(C(=O)N2CCC(C(=O)O)CC2)c2c1CCN(C(=O)C1CC1)C2,0.3,0< yield ≤10
2949,Cn1nc(C(=O)N2CCC(c3cccc4ncncc34)CC2)c2c1CCN(C(=O)C1CC1)C2,Brc1cccc2ncncc12,Cn1nc(C(=O)N2CCC(C(=O)O)CC2)c2c1CCN(C(=O)C1CC1)C2,0.3,0< yield ≤10
2950,Cn1nc(C(=O)N2CCC(c3ccn4nccc4n3)CC2)c2c1CCN(C(=O)C1CC1)C2,Brc1ccn2nccc2n1,Cn1nc(C(=O)N2CCC(C(=O)O)CC2)c2c1CCN(C(=O)C1CC1)C2,5.9,0< yield ≤10
2954,Cn1nc(C(=O)N2CCC(c3csc4cnccc34)CC2)c2c1CCN(C(=O)C1CC1)C2,Brc1csc2cnccc12,Cn1nc(C(=O)N2CCC(C(=O)O)CC2)c2c1CCN(C(=O)C1CC1)C2,39.9,>10
2955,CC(=O)Nc1ncc(F)cc1C1CCN(C(=O)c2nn(C)c3c2CN(C(=O)C2CC2)CC3)CC1,CC(=O)Nc1ncc(F)cc1Br,Cn1nc(C(=O)N2CCC(C(=O)O)CC2)c2c1CCN(C(=O)C1CC1)C2,8.9,0< yield ≤10
2956,Cn1nc(C(=O)N2CCC(c3nc(CO)co3)CC2)c2c1CCN(C(=O)C1CC1)C2,OCc1coc(Br)n1,Cn1nc(C(=O)N2CCC(C(=O)O)CC2)c2c1CCN(C(=O)C1CC1)C2,0.0,0
2958,Cn1nc(C(=O)N2CCC(c3ccc(B4OC(C)(C)C(C)(C)O4)cc3)CC2)c2c1CCN(C(=O)C1CC1)C2,CC1(C)OB(c2ccc(Br)cc2)OC1(C)C,Cn1nc(C(=O)N2CCC(C(=O)O)CC2)c2c1CCN(C(=O)C1CC1)C2,20.9,>10
2960,Cn1nc(C(=O)N2CCC(c3cccc(-c4ncc(N)cn4)c3)CC2)c2c1CCN(C(=O)C1CC1)C2,Nc1cnc(-c2cccc(Br)c2)nc1,Cn1nc(C(=O)N2CCC(C(=O)O)CC2)c2c1CCN(C(=O)C1CC1)C2,0.0,0
2961,Cn1nc(C(=O)N2CCC(c3ccc4sc(C#N)cc4c3)CC2)c2c1CCN(C(=O)C1CC1)C2,N#Cc1cc2cc(Br)ccc2s1,Cn1nc(C(=O)N2CCC(C(=O)O)CC2)c2c1CCN(C(=O)C1CC1)C2,7.1,0< yield ≤10
2963,Cn1nc(C(=O)N2CCC(c3ccc(C(F)(F)F)c4cccnc34)CC2)c2c1CCN(C(=O)C1CC1)C2,FC(F)(F)c1ccc(Br)c2ncccc12,Cn1nc(C(=O)N2CCC(C(=O)O)CC2)c2c1CCN(C(=O)C1CC1)C2,0.0,0
2967,COc1nccc(N)c1C1CCN(C(=O)c2nn(C)c3c2CN(C(=O)C2CC2)CC3)CC1,COc1nccc(N)c1Br,Cn1nc(C(=O)N2CCC(C(=O)O)CC2)c2c1CCN(C(=O)C1CC1)C2,0.0,0
2968,Cc1cc(C2CCN(C(=O)c3nn(C)c4c3CN(C(=O)C3CC3)CC4)CC2)cnc1C,Cc1cc(Br)cnc1C,Cn1nc(C(=O)N2CCC(C(=O)O)CC2)c2c1CCN(C(=O)C1CC1)C2,34.1,>10
2969,Cn1nc(C(=O)N2CCC(c3cccc4cc(O)ncc34)CC2)c2c1CCN(C(=O)C1CC1)C2,Oc1cc2cccc(Br)c2cn1,Cn1nc(C(=O)N2CCC(C(=O)O)CC2)c2c1CCN(C(=O)C1CC1)C2,1.9,0< yield ≤10
2970,Cn1nc(C(=O)N2CCC(c3cc(C(C)(C)C)cc4cccnc34)CC2)c2c1CCN(C(=O)C1CC1)C2,CC(C)(C)c1cc(Br)c2ncccc2c1,Cn1nc(C(=O)N2CCC(C(=O)O)CC2)c2c1CCN(C(=O)C1CC1)C2,33.5,>10
2971,Cn1nc(C(=O)N2CCC(c3cncc4[nH]ccc34)CC2)c2c1CCN(C(=O)C1CC1)C2,Brc1cncc2[nH]ccc12,Cn1nc(C(=O)N2CCC(C(=O)O)CC2)c2c1CCN(C(=O)C1CC1)C2,51.7,>10
2972,COc1ccc2cc(C3CCN(C(=O)c4nn(C)c5c4CN(C(=O)C4CC4)CC5)CC3)ccc2n1,COc1ccc2cc(Br)ccc2n1,Cn1nc(C(=O)N2CCC(C(=O)O)CC2)c2c1CCN(C(=O)C1CC1)C2,22.0,>10
2973,Cn1nc(C(=O)N2CCC(c3ccc(C(F)(F)F)c4cc[nH]c34)CC2)c2c1CCN(C(=O)C1CC1)C2,FC(F)(F)c1ccc(Br)c2[nH]ccc12,Cn1nc(C(=O)N2CCC(C(=O)O)CC2)c2c1CCN(C(=O)C1CC1)C2,4.8,0< yield ≤10
2974,Cn1nc(C(=O)N2CCC(c3ccc(C4CC(=O)N4)cc3)CC2)c2c1CCN(C(=O)C1CC1)C2,O=C1CC(c2ccc(Br)cc2)N1,Cn1nc(C(=O)N2CCC(C(=O)O)CC2)c2c1CCN(C(=O)C1CC1)C2,48.4,>10
2975,Cn1nc(C(=O)N2CCC(c3cccc4cncnc34)CC2)c2c1CCN(C(=O)C1CC1)C2,Brc1cccc2cncnc12,Cn1nc(C(=O)N2CCC(C(=O)O)CC2)c2c1CCN(C(=O)C1CC1)C2,24.8,>10
2976,Cn1nc(C(=O)N2CCC(c3ccnc4cccnc34)CC2)c2c1CCN(C(=O)C1CC1)C2,Brc1ccnc2cccnc12,Cn1nc(C(=O)N2CCC(C(=O)O)CC2)c2c1CCN(C(=O)C1CC1)C2,1.7,0< yield ≤10
2977,Cn1nc(C(=O)N2CCC(c3cnc4cccnc4c3)CC2)c2c1CCN(C(=O)C1CC1)C2,Brc1cnc2cccnc2c1,Cn1nc(C(=O)N2CCC(C(=O)O)CC2)c2c1CCN(C(=O)C1CC1)C2,3.0,0< yield ≤10
2978,Cn1nc(C(=O)N2CCC(c3ccc4c(c3)C(C)(C)C(=O)N4)CC2)c2c1CCN(C(=O)C1CC1)C2,CC1(C)C(=O)Nc2ccc(Br)cc21,Cn1nc(C(=O)N2CCC(C(=O)O)CC2)c2c1CCN(C(=O)C1CC1)C2,20.3,>10
2980,Cn1nc(C(=O)N2CCC(c3ccc4c(c3)CN(C(=O)OC(C)(C)C)CCO4)CC2)c2c1CCN(C(=O)C1CC1)C2,CC(C)(C)OC(=O)N1CCOc2ccc(Br)cc2C1,Cn1nc(C(=O)N2CCC(C(=O)O)CC2)c2c1CCN(C(=O)C1CC1)C2,18.6,>10
2982,Cn1nc(C(=O)N2CCC(c3ccc4c(O)cc(=O)oc4c3)CC2)c2c1CCN(C(=O)C1CC1)C2,O=c1cc(O)c2ccc(Br)cc2o1,Cn1nc(C(=O)N2CCC(C(=O)O)CC2)c2c1CCN(C(=O)C1CC1)C2,0.0,0
2983,Cn1nc(C(=O)N2CCC(c3ccc4nc(C(F)(F)F)nn4c3)CC2)c2c1CCN(C(=O)C1CC1)C2,FC(F)(F)c1nc2ccc(Br)cn2n1,Cn1nc(C(=O)N2CCC(C(=O)O)CC2)c2c1CCN(C(=O)C1CC1)C2,15.4,>10
2984,Cc1nc2cccc(C3CCN(C(=O)c4nn(C)c5c4CN(C(=O)C4CC4)CC5)CC3)n2n1,Cc1nc2cccc(Br)n2n1,Cn1nc(C(=O)N2CCC(C(=O)O)CC2)c2c1CCN(C(=O)C1CC1)C2,0.0,0
2987,Cn1nc(C(=O)N2CCC(c3ccc4c(c3)CC(O)C4)CC2)c2c1CCN(C(=O)C1CC1)C2,OC1Cc2ccc(Br)cc2C1,Cn1nc(C(=O)N2CCC(C(=O)O)CC2)c2c1CCN(C(=O)C1CC1)C2,39.5,>10
2989,Cn1nc(C(=O)N2CCC(c3cccc(CS(N)(=O)=O)c3)CC2)c2c1CCN(C(=O)C1CC1)C2,NS(=O)(=O)Cc1cccc(Br)c1,Cn1nc(C(=O)N2CCC(C(=O)O)CC2)c2c1CCN(C(=O)C1CC1)C2,59.0,>10
2990,Cn1nc(C(=O)N2CCC(c3cnn(-c4ccncc4)c3)CC2)c2c1CCN(C(=O)C1CC1)C2,Brc1cnn(-c2ccncc2)c1,Cn1nc(C(=O)N2CCC(C(=O)O)CC2)c2c1CCN(C(=O)C1CC1)C2,39.2,>10
2995,Cn1nc(C(=O)N2CCC(c3cncc(F)c3N)CC2)c2c1CCN(C(=O)C1CC1)C2,Nc1c(F)cncc1Br,Cn1nc(C(=O)N2CCC(C(=O)O)CC2)c2c1CCN(C(=O)C1CC1)C2,1.5,0< yield ≤10
2996,Cn1nc(C(=O)N2CCC(c3c(O)ccc4cccnc34)CC2)c2c1CCN(C(=O)C1CC1)C2,Oc1ccc2cccnc2c1Br,Cn1nc(C(=O)N2CCC(C(=O)O)CC2)c2c1CCN(C(=O)C1CC1)C2,0.0,0
2998,Cn1nc(C(=O)N2CCC(c3cnc4ncoc4c3)CC2)c2c1CCN(C(=O)C1CC1)C2,Brc1cnc2ncoc2c1,Cn1nc(C(=O)N2CCC(C(=O)O)CC2)c2c1CCN(C(=O)C1CC1)C2,0.3,0< yield ≤10
3002,Cn1nc(C(=O)N2CCC(c3cccc(Cn4cccn4)c3)CC2)c2c1CCN(C(=O)C1CC1)C2,Brc1cccc(Cn2cccn2)c1,Cn1nc(C(=O)N2CCC(C(=O)O)CC2)c2c1CCN(C(=O)C1CC1)C2,41.5,>10
3005,Cc1ccc2ccc(C3CCN(C(=O)c4nn(C)c5c4CN(C(=O)C4CC4)CC5)CC3)nc2n1,Cc1ccc2ccc(Br)nc2n1,Cn1nc(C(=O)N2CCC(C(=O)O)CC2)c2c1CCN(C(=O)C1CC1)C2,18.3,>10
3010,Cn1nc(C(=O)N2CCC(c3ccc(C4CCCCN4C(=O)OC(C)(C)C)cc3)CC2)c2c1CCN(C(=O)C1CC1)C2,CC(C)(C)OC(=O)N1CCCCC1c1ccc(Br)cc1,Cn1nc(C(=O)N2CCC(C(=O)O)CC2)c2c1CCN(C(=O)C1CC1)C2,28.5,>10
3012,Cn1nc(C(=O)N2CCC(c3cccc(-c4nnc(C5CC5)o4)c3)CC2)c2c1CCN(C(=O)C1CC1)C2,Brc1cccc(-c2nnc(C3CC3)o2)c1,Cn1nc(C(=O)N2CCC(C(=O)O)CC2)c2c1CCN(C(=O)C1CC1)C2,24.7,>10
3014,Cn1nc(C(=O)N2CCC(c3cc4ncc(C(F)(F)F)nc4cn3)CC2)c2c1CCN(C(=O)C1CC1)C2,FC(F)(F)c1cnc2cc(Br)ncc2n1,Cn1nc(C(=O)N2CCC(C(=O)O)CC2)c2c1CCN(C(=O)C1CC1)C2,0.0,0
3017,Cn1nc(C(=O)N2CCC(c3ccc(C(C)(C)CO)nc3)CC2)c2c1CCN(C(=O)C1CC1)C2,CC(C)(CO)c1ccc(Br)cn1,Cn1nc(C(=O)N2CCC(C(=O)O)CC2)c2c1CCN(C(=O)C1CC1)C2,80.4,>10
3018,Cn1nc(C(=O)N2CCC(c3ccnc(C(C)(C)CO)c3)CC2)c2c1CCN(C(=O)C1CC1)C2,CC(C)(CO)c1cc(Br)ccn1,Cn1nc(C(=O)N2CCC(C(=O)O)CC2)c2c1CCN(C(=O)C1CC1)C2,69.7,>10
3019,COc1ccc(COc2cccc(C3CCN(C(=O)c4nn(C)c5c4CN(C(=O)C4CC4)CC5)CC3)n2)cc1,COc1ccc(COc2cccc(Br)n2)cc1,Cn1nc(C(=O)N2CCC(C(=O)O)CC2)c2c1CCN(C(=O)C1CC1)C2,0.3,0< yield ≤10
3021,Cn1nc(C(=O)N2CCC(c3ccc(-c4nnc[nH]4)cc3)CC2)c2c1CCN(C(=O)C1CC1)C2,Brc1ccc(-c2nnc[nH]2)cc1,Cn1nc(C(=O)N2CCC(C(=O)O)CC2)c2c1CCN(C(=O)C1CC1)C2,50.4,>10
3022,Cn1nc(C(=O)N2CCC(c3ccc(C4(NC(=O)OC(C)(C)C)CC(=O)C4)cc3)CC2)c2c1CCN(C(=O)C1CC1)C2,CC(C)(C)OC(=O)NC1(c2ccc(Br)cc2)CC(=O)C1,Cn1nc(C(=O)N2CCC(C(=O)O)CC2)c2c1CCN(C(=O)C1CC1)C2,21.9,>10
3023,Cn1nc(C(=O)N2CCC(c3cccc(CN4CC(=O)NC4=O)c3)CC2)c2c1CCN(C(=O)C1CC1)C2,O=C1CN(Cc2cccc(Br)c2)C(=O)N1,Cn1nc(C(=O)N2CCC(C(=O)O)CC2)c2c1CCN(C(=O)C1CC1)C2,43.9,>10
3024,Cn1nc(C(=O)N2CCC(c3ccc4c(c3)CN(C3CC3)C4=O)CC2)c2c1CCN(C(=O)C1CC1)C2,O=C1c2ccc(Br)cc2CN1C1CC1,Cn1nc(C(=O)N2CCC(C(=O)O)CC2)c2c1CCN(C(=O)C1CC1)C2,48.1,>10
3026,COc1ncc(C2CCN(C(=O)c3nn(C)c4c3CN(C(=O)C3CC3)CC4)CC2)nc1OC,COc1ncc(Br)nc1OC,Cn1nc(C(=O)N2CCC(C(=O)O)CC2)c2c1CCN(C(=O)C1CC1)C2,31.1,>10
3027,Cn1nc(C(=O)N2CCC(c3cc4ncccc4[nH]3)CC2)c2c1CCN(C(=O)C1CC1)C2,Brc1cc2ncccc2[nH]1,Cn1nc(C(=O)N2CCC(C(=O)O)CC2)c2c1CCN(C(=O)C1CC1)C2,22.0,>10
3030,Cn1nc(C(=O)N2CCC(c3ccc4cc(C(F)(F)F)ncc4c3)CC2)c2c1CCN(C(=O)C1CC1)C2,FC(F)(F)c1cc2ccc(Br)cc2cn1,Cn1nc(C(=O)N2CCC(C(=O)O)CC2)c2c1CCN(C(=O)C1CC1)C2,25.1,>10
3031,Cn1nc(C(=O)N2CCC(c3ccc4cc(C(F)(F)F)cnc4n3)CC2)c2c1CCN(C(=O)C1CC1)C2,FC(F)(F)c1cnc2nc(Br)ccc2c1,Cn1nc(C(=O)N2CCC(C(=O)O)CC2)c2c1CCN(C(=O)C1CC1)C2,0.0,0
3032,Cn1nc(C(=O)N2CCC(c3cnc4c(c3)NC(=O)CC4)CC2)c2c1CCN(C(=O)C1CC1)C2,O=C1CCc2ncc(Br)cc2N1,Cn1nc(C(=O)N2CCC(C(=O)O)CC2)c2c1CCN(C(=O)C1CC1)C2,39.0,>10
3034,Cn1nc(C(=O)N2CCC(c3cccc4[nH]c5ccccc5c34)CC2)c2c1CCN(C(=O)C1CC1)C2,Brc1cccc2[nH]c3ccccc3c12,Cn1nc(C(=O)N2CCC(C(=O)O)CC2)c2c1CCN(C(=O)C1CC1)C2,0.3,0< yield ≤10
3035,Cn1nc(C(=O)N2CCC(c3ccc4cnnn4c3)CC2)c2c1CCN(C(=O)C1CC1)C2,Brc1ccc2cnnn2c1,Cn1nc(C(=O)N2CCC(C(=O)O)CC2)c2c1CCN(C(=O)C1CC1)C2,0.3,0< yield ≤10
3036,Cn1nc(C(=O)N2CCC(c3ccc(C(O)C(F)(F)F)nc3)CC2)c2c1CCN(C(=O)C1CC1)C2,OC(c1ccc(Br)cn1)C(F)(F)F,Cn1nc(C(=O)N2CCC(C(=O)O)CC2)c2c1CCN(C(=O)C1CC1)C2,25.7,>10
3037,Cn1nc(C(=O)N2CCC(c3cccc4c3NC(=O)CC4)CC2)c2c1CCN(C(=O)C1CC1)C2,O=C1CCc2cccc(Br)c2N1,Cn1nc(C(=O)N2CCC(C(=O)O)CC2)c2c1CCN(C(=O)C1CC1)C2,9.6,0< yield ≤10
3039,Cn1nc(C(=O)N2CCC(c3cccc(C4CCC(=O)NC4)c3)CC2)c2c1CCN(C(=O)C1CC1)C2,O=C1CCC(c2cccc(Br)c2)CN1,Cn1nc(C(=O)N2CCC(C(=O)O)CC2)c2c1CCN(C(=O)C1CC1)C2,58.7,>10
3040,Cn1nc(C(=O)N2CCC(c3ccn4nnnc4c3)CC2)c2c1CCN(C(=O)C1CC1)C2,Brc1ccn2nnnc2c1,Cn1nc(C(=O)N2CCC(C(=O)O)CC2)c2c1CCN(C(=O)C1CC1)C2,0.0,0
3041,Cn1nc(C(=O)N2CCC(c3cnc4c(O)nccc4c3)CC2)c2c1CCN(C(=O)C1CC1)C2,Oc1nccc2cc(Br)cnc12,Cn1nc(C(=O)N2CCC(C(=O)O)CC2)c2c1CCN(C(=O)C1CC1)C2,8.9,0< yield ≤10
3042,Cn1nc(C(=O)N2CCC(c3cnc4c(c3)CN(C(=O)OCc3ccccc3)CC4)CC2)c2c1CCN(C(=O)C1CC1)C2,O=C(OCc1ccccc1)N1CCc2ncc(Br)cc2C1,Cn1nc(C(=O)N2CCC(C(=O)O)CC2)c2c1CCN(C(=O)C1CC1)C2,61.9,>10
3043,Cn1nc(C(=O)N2CCC(c3cccc(-n4ccnc4)c3)CC2)c2c1CCN(C(=O)C1CC1)C2,Brc1cccc(-n2ccnc2)c1,Cn1nc(C(=O)N2CCC(C(=O)O)CC2)c2c1CCN(C(=O)C1CC1)C2,69.7,>10
3044,Cn1nc(C(=O)N2CCC(c3cccc(-n4cncn4)c3)CC2)c2c1CCN(C(=O)C1CC1)C2,Brc1cccc(-n2cncn2)c1,Cn1nc(C(=O)N2CCC(C(=O)O)CC2)c2c1CCN(C(=O)C1CC1)C2,42.2,>10
3045,CC(C)Sc1ccc(C2CCN(C(=O)c3nn(C)c4c3CN(C(=O)C3CC3)CC4)CC2)cc1,CC(C)Sc1ccc(Br)cc1,Cn1nc(C(=O)N2CCC(C(=O)O)CC2)c2c1CCN(C(=O)C1CC1)C2,3.6,0< yield ≤10
3046,Cn1nc(C(=O)N2CCC(c3cccc(C(O)CO)c3)CC2)c2c1CCN(C(=O)C1CC1)C2,OCC(O)c1cccc(Br)c1,Cn1nc(C(=O)N2CCC(C(=O)O)CC2)c2c1CCN(C(=O)C1CC1)C2,47.6,>10
3047,Cn1nc(C(=O)N2CCC(c3ccc(NC(=O)c4ccccn4)cc3F)CC2)c2c1CCN(C(=O)C1CC1)C2,O=C(Nc1ccc(Br)c(F)c1)c1ccccn1,Cn1nc(C(=O)N2CCC(C(=O)O)CC2)c2c1CCN(C(=O)C1CC1)C2,0.0,0
3049,Cn1nc(C(=O)N2CCC(c3cccc4c3OCCC4O)CC2)c2c1CCN(C(=O)C1CC1)C2,OC1CCOc2c(Br)cccc21,Cn1nc(C(=O)N2CCC(C(=O)O)CC2)c2c1CCN(C(=O)C1CC1)C2,16.3,>10
3051,Cn1nc(C(=O)N2CCC(c3ccc4c(n3)N(C(=O)OC(C)(C)C)CCC4)CC2)c2c1CCN(C(=O)C1CC1)C2,CC(C)(C)OC(=O)N1CCCc2ccc(Br)nc21,Cn1nc(C(=O)N2CCC(C(=O)O)CC2)c2c1CCN(C(=O)C1CC1)C2,51.8,>10
3053,Cc1cn2cc(F)cc(C3CCN(C(=O)c4nn(C)c5c4CN(C(=O)C4CC4)CC5)CC3)c2n1,Cc1cn2cc(F)cc(Br)c2n1,Cn1nc(C(=O)N2CCC(C(=O)O)CC2)c2c1CCN(C(=O)C1CC1)C2,18.5,>10
3054,Cn1nc(C(=O)N2CCC(c3cc4ncncc4s3)CC2)c2c1CCN(C(=O)C1CC1)C2,Brc1cc2ncncc2s1,Cn1nc(C(=O)N2CCC(C(=O)O)CC2)c2c1CCN(C(=O)C1CC1)C2,0.6,0< yield ≤10
3057,Cn1nc(C(=O)N2CCC(c3cccc(OC4CCC(=O)CC4)c3)CC2)c2c1CCN(C(=O)C1CC1)C2,O=C1CCC(Oc2cccc(Br)c2)CC1,Cn1nc(C(=O)N2CCC(C(=O)O)CC2)c2c1CCN(C(=O)C1CC1)C2,22.0,>10
3058,Cn1nc(C(=O)N2CCC(c3ccccc3OC3CCC(=O)CC3)CC2)c2c1CCN(C(=O)C1CC1)C2,O=C1CCC(Oc2ccccc2Br)CC1,Cn1nc(C(=O)N2CCC(C(=O)O)CC2)c2c1CCN(C(=O)C1CC1)C2,8.1,0< yield ≤10
3059,Cn1nc(C(=O)N2CCC(c3ccc(OC4CCCCC4=O)cc3)CC2)c2c1CCN(C(=O)C1CC1)C2,O=C1CCCCC1Oc1ccc(Br)cc1,Cn1nc(C(=O)N2CCC(C(=O)O)CC2)c2c1CCN(C(=O)C1CC1)C2,10.5,>10
3060,Cn1nc(C(=O)N2CCC(c3cncc(OCCF)c3)CC2)c2c1CCN(C(=O)C1CC1)C2,FCCOc1cncc(Br)c1,Cn1nc(C(=O)N2CCC(C(=O)O)CC2)c2c1CCN(C(=O)C1CC1)C2,49.9,>10
3061,CCc1cccn2c(C3CCN(C(=O)c4nn(C)c5c4CN(C(=O)C4CC4)CC5)CC3)cnc12,CCc1cccn2c(Br)cnc12,Cn1nc(C(=O)N2CCC(C(=O)O)CC2)c2c1CCN(C(=O)C1CC1)C2,0.3,0< yield ≤10
3062,Cn1nc(C(=O)N2CCC(c3ccc4[nH]cc(CCNC(=O)OC(C)(C)C)c4c3)CC2)c2c1CCN(C(=O)C1CC1)C2,CC(C)(C)OC(=O)NCCc1c[nH]c2ccc(Br)cc12,Cn1nc(C(=O)N2CCC(C(=O)O)CC2)c2c1CCN(C(=O)C1CC1)C2,0.0,0
3065,Cn1nc(C(=O)N2CCC(c3c[nH]c([C@@H]4C[C@@H](F)CN4C(=O)OC(C)(C)C)n3)CC2)c2c1CCN(C(=O)C1CC1)C2,CC(C)(C)OC(=O)N1C[C@H](F)C[C@H]1c1nc(Br)c[nH]1,Cn1nc(C(=O)N2CCC(C(=O)O)CC2)c2c1CCN(C(=O)C1CC1)C2,4.0,0< yield ≤10
3066,Cn1nc(C(=O)N2CCC(c3c[nH]c(C4CCCN4C(=O)OC(C)(C)C)n3)CC2)c2c1CCN(C(=O)C1CC1)C2,CC(C)(C)OC(=O)N1CCCC1c1nc(Br)c[nH]1,Cn1nc(C(=O)N2CCC(C(=O)O)CC2)c2c1CCN(C(=O)C1CC1)C2,18.6,>10
3067,Cn1nc(C(=O)N2CCC(c3cnc4cncn4c3)CC2)c2c1CCN(C(=O)C1CC1)C2,Brc1cnc2cncn2c1,Cn1nc(C(=O)N2CCC(C(=O)O)CC2)c2c1CCN(C(=O)C1CC1)C2,1.4,0< yield ≤10
3068,Cn1nc(C(=O)N2CCC(c3ccc([C@@H]4CNCCO4)cc3)CC2)c2c1CCN(C(=O)C1CC1)C2,Brc1ccc([C@@H]2CNCCO2)cc1,Cn1nc(C(=O)N2CCC(C(=O)O)CC2)c2c1CCN(C(=O)C1CC1)C2,0.0,0
3069,Cn1nc(C(=O)N2CCC(c3cccc(Nc4nccc(C(F)(F)F)n4)c3)CC2)c2c1CCN(C(=O)C1CC1)C2,FC(F)(F)c1ccnc(Nc2cccc(Br)c2)n1,Cn1nc(C(=O)N2CCC(C(=O)O)CC2)c2c1CCN(C(=O)C1CC1)C2,16.8,>10
3071,Cc1cc(Nc2nccc(C3CC3)n2)cc(C2CCN(C(=O)c3nn(C)c4c3CN(C(=O)C3CC3)CC4)CC2)c1,Cc1cc(Br)cc(Nc2nccc(C3CC3)n2)c1,Cn1nc(C(=O)N2CCC(C(=O)O)CC2)c2c1CCN(C(=O)C1CC1)C2,13.6,>10
3072,Cn1nc(C(=O)N2CCC(c3ccccc3NS(=O)(=O)C(F)(F)F)CC2)c2c1CCN(C(=O)C1CC1)C2,O=S(=O)(Nc1ccccc1Br)C(F)(F)F,Cn1nc(C(=O)N2CCC(C(=O)O)CC2)c2c1CCN(C(=O)C1CC1)C2,0.0,0
