can,UMAP1,UMAP2
NC1=C(I)C(O)=CC=C1,1.3983616,9.942028
OC1=CC=CC(O)=C1I,0.92867196,9.082687
NC(=N)C1=CC=C(I)C=C1,13.0003195,4.599792
COC(=O)C1=CC(O)=C(I)C(O)=C1,1.0339785,7.544902
CC1=C(I)C(O)=CC=C1,2.7251818,10.674376
COC1=C(I)C(N)=CC=C1,1.3317668,9.881849
CC1=CC=CC(N)=C1I,3.5669718,11.084715
CC1=C(C)C(C)=C(I)C(C)=C1C,6.0505424,10.874354
CC(C)(C)C1=C(I)C=CC(O)=C1,6.103912,10.942716
CC(C)C1=CC=CC(C(C)C)=C1I,6.070679,10.615011
CC1=C(C)C(I)=C(C)C(C)=C1I,6.421199,10.186749
CC1=CC(Cl)=CC(N)=C1I,3.1532795,10.627235
OC1=C(I)C(F)=CC=C1,0.5472325,8.544641
CC1=CC(N)=CC(C)=C1I,4.7380056,11.09678
NC1=C(I)C(F)=CC=C1,0.66776794,9.2357855
COC1=CC=CC(OC)=C1I,0.8282003,9.252894
NC1=C(I)C(Cl)=CC=C1,-0.97206736,5.098323
CC(C)(C)OC(=O)NC1=C(I)C(F)=CC=C1,0.8941258,8.335689
CC1=CC(O)=CC(C)=C1I,5.2769074,10.981333
CC(C)(C)OC(=O)NC1=C(I)C2=C(C=CC=C2)C(OCC2=CC=CC=C2)=C1,6.0440335,7.063854
NC1=C(I)C(Br)=CC(F)=C1,-1.3715062,5.029357
COC1=CC=C(OC)C(=C1I)C1=C(C=C(C=C1C(C)C)C(C)C)C(C)C,6.266992,6.8471894
IC1=C(C=CC=C1C1=CC=CC=C1)C1=CC=CC=C1,6.7511625,9.763363
CC1=CC(C)=C(C)C(I)=C1C,6.248998,10.875987
CC1=CC(C)=C(I)C(C)=C1,5.913729,10.914274
COC1=CC(Br)=CC(OC)=C1I,0.8194262,8.521576
CC(C)(C)C1=C(I)C=CC=C1,6.9740353,10.718968
OC1=C(I)C(Cl)=CC(Cl)=C1,-1.1678735,5.6214585
OC1=C(I)C2=CC=CC=C2C=C1,2.5932107,10.029995
COC(=O)C1=CC=C(N)C(I)=C1Cl,-0.96812433,5.0430846
CCC1=C(I)C(C)=CC=C1,6.208546,10.997351
COC1=CC(Br)=CC(C)=C1I,2.7107213,9.147439
CC1=CC(=CC(C)=C1I)C(C)(C)C,6.1548266,10.727491
COC1=C(I)C(=CC=C1)C(F)(F)F,2.1468036,9.2377615
NC1=CC(F)=C(I)C(F)=C1,0.25690857,8.450224
CC1=CC=CC(C)=C1I,6.2926955,11.040666
COC(=O)C1=C(I)C(N)=CC=C1,3.6701863,10.238769
NC1=CC=CC(C(O)=O)=C1I,3.354882,10.304262
CC1=CC(F)=CC(C)=C1I,6.3353324,11.032916
CC(=O)OC1=CC(C)=C(I)C(C)=C1,6.323543,10.687051
CC(C)(O)C1=C(I)C=CC=C1,7.2535605,10.636449
CCOC1=C(O)C(I)=CC(C=O)=C1,2.1173592,5.6084056
COC1=CC=CC(C)=C1I,2.700893,10.525973
OC1=CC(Br)=C(I)C(Br)=C1,-2.7557962,0.53871685
CC(C)(C)OC(=O)NC1=CC=C(Cl)C(F)=C1I,1.3126509,8.16647
COC(=O)C1=CC(Br)=CC(C(=O)OC)=C1I,4.527601,3.031552
CC(=O)C1=CC(Cl)=C(C)C(I)=C1O,2.5922685,5.374869
OCC1=CC=CC(Br)=C1I,-2.4166553,2.2865002
COC1=C(I)C(F)=CC=C1,0.30383855,8.595616
COC1=CC=CC(CO)=C1I,2.7363245,10.422001
CC1=C(C)C(I)=C(C)C=C1,6.176211,10.952642
NC1=CC=C(Cl)C(F)=C1I,0.6766433,8.832413
NC1=C(I)C(Br)=CC=C1,-1.3162361,4.858364
NC1=CC=C(F)C(F)=C1I,0.56360054,8.91306
NNC1=C(I)C=CC=C1,3.7629738,11.258976
NC1=CC(Br)=C(I)C(F)=C1,-1.2588028,5.4402566
CC1=CC(Cl)=CC(C)=C1I,6.417842,10.843643
CCC1=CC(Br)=CC(CC)=C1I,6.2853622,10.196179
CC1=CC(Br)=CC(C)=C1I,6.2141495,10.3976755
OC1=C(I)C(Br)=CC=C1,-1.2690972,5.482821
CC1=C(I)C(F)=CC=C1,0.025627738,9.0706215
NC1=C(I)C(Cl)=C(Cl)C=C1,-1.0676438,4.683616
CC1=C(C)C(C)=C(I)C(I)=C1C,-1.2208602,2.4344075
COC1=CC=C(I)C(N)=C1,3.4599462,11.043279
OC1=C(I)C(Cl)=CC=C1,-0.93568444,5.6091194
OC(=O)C1=C(I)C(I)=CC(I)=C1,-0.7417244,0.6999429
COC1=CC(OC)=C(I)C=C1C(C)C,4.020115,9.759796
COC1=C(I)C(F)=CC(Br)=C1,0.3171979,7.8845615
COC1=CC=CC(Br)=C1I,-1.4820279,4.9763975
NC1=C(I)C(F)=C(Br)C(F)=C1,0.5976207,8.42543
FC(F)(F)C1=C(I)C(Br)=CC=C1,-1.7606813,0.80749243
CN(C)C1=C(I)C=CC=C1,5.3571434,11.366453
COC1=C(I)C(C)=CC(Cl)=C1,2.2933502,9.917294
CC1=CC(O)=C(I)C=C1,2.307247,10.428691
NC1=C(I)C(Cl)=C(Br)C=C1,-1.0790119,4.8190603
OC1=C(I)C=CC=C1,2.2553723,10.562077
OC(=O)C1=CC=CC(=C1I)C(F)(F)F,3.8337038,1.6929854
COC1=CC=C(C=O)C(O)=C1I,1.3504429,6.744544
OC1=C(I)C2=CC=C(Br)C=C2C=C1,2.8161123,9.370178
NC1=CC(Br)=C(I)C(Br)=C1,-2.550437,1.3320628
CC1=CC(I)=C(N)C=C1O,3.405078,10.972808
COC1=C(I)C=CC(N)=C1,2.3791308,10.609738
CC1=CC(C)=C(I)C(Br)=C1,-2.2072375,2.5557032
NC1=C(I)C(Cl)=C(OC(F)(F)F)C=C1,-1.0366485,5.06139
CC1=CC=CC(C(N)=O)=C1I,7.5371947,10.170811
COC1=CC(Cl)=CC(Cl)=C1I,-1.4057142,5.178364
FC1=CC(Br)=C(I)C(=C1)C(F)(F)F,-1.7872967,1.0303048
CC1=CC(Br)=CC(F)=C1I,-0.16491185,8.04734
CC1=CC=CC(Cl)=C1I,-1.9092135,2.9293892
OC(=O)C1=CC(O)=C(I)C(O)=C1,1.0265776,7.684411
CC1=CC(N)=C(I)C=C1,3.5471423,11.421255
COC(=O)C1=CC(I)=C(C=C1O)N(C)C,4.0942607,5.8153434
NC1=C(I)C=CC=C1,3.4693263,11.492281
COC1=CC=CC(CNC2=C(I)C=CC=C2)=C1,4.5960917,9.893037
COC1=CC(CO)=CC(I)=C1O,2.1647897,10.446664
COC1=C(I)C(F)=C(F)C=C1,0.3010163,8.520811
FC1=CC(F)=C(I)C(F)=C1,0.19879928,7.8116074
FC1=CC=CC(F)=C1I,0.20570488,7.8805275
CC1=C(N)C(I)=CC=C1,3.8155918,11.62265
OC1=C(I)C=CC(F)=C1,1.8104751,10.095703
COC1=CC=C(I)C(O)=C1,2.2274237,10.639637
CC(C)OC1=C(I)C=CC=C1,2.833052,9.966443
NC1=CC=CC2=CC=CC(I)=C12,5.9822836,10.770732
CC1=CC(N)=C(I)C=C1C,4.14562,11.208892
CC1=CC(F)=C(I)C(Br)=C1,-1.6127939,5.9755063
CC1=CC(I)=C(O)C=C1,2.517596,10.781884
CC1=CC(I)=C(N)C(C)=C1,4.0389495,11.362622
NC1=C(I)C(F)=C(F)C=C1F,0.49234924,8.72928
COC1=CC=C(I)C(OC)=C1,2.315604,10.442471
FC(F)(F)S(=O)(=O)OC1=CC=C(I)C=C1,12.07451,2.844745
COC1=C(Cl)C(I)=C(OC)C=C1,-1.1833382,4.731979
NC1=CC(F)=CC=C1I,3.04903,11.126872
CC1=CC(Cl)=CC(Cl)=C1I,-1.8882543,2.4387336
COC(=O)CCC1=CC(I)=C(O)C(I)=C1,3.9640899,7.331735
COC1=CC(B(O)O)=C(I)C=C1,5.915516,11.419667
COC1=C(O)C(I)=CC=C1,1.6013122,10.483713
CC1=CC(I)=C(N)C=C1F,3.4336708,11.1867075
IC1=C(NCC2CC2)C=CC=C1,4.211582,10.780726
NC1=CC(Cl)=CC=C1I,3.75685,10.726061
CSC1=C(I)C=CC=C1,-1.3900119,3.4081507
COC1=C(C=C(Cl)C(C)=C1I)C(C)=O,3.4092422,4.8872843
NC1=C(F)C(I)=C(F)C=C1,0.0728536,8.290389
OC1=C(I)C=CC(Br)=C1,2.26692,8.567796
CC1=CC(N)=CC=C1I,4.603958,11.419577
CC1=C(N)C=CC(I)=C1F,0.90087944,9.762754
FC1=CC(Br)=CC(F)=C1I,0.09661181,7.3830476
CC1=CC(I)=C(O)C=C1Cl,2.2064397,9.691833
OC1=C(O)C(I)=CC=C1,1.9883122,10.747922
COC1=CC(N)=C(I)C=C1C(O)=O,3.1124833,9.947453
FC1=C(I)C(Cl)=CC=C1,-1.2301667,6.573181
NC1=CC(F)=C(I)C=C1,0.70815575,9.711818
COC1=CC(OC)=C(I)C(C=O)=C1,2.2875412,4.933262
CC1=CC=CC2=CC=CC(I)=C12,6.7196736,10.126161
FC(F)OC1=C(I)C(F)=CC=C1,-0.04288686,7.9250093
NC1=C(I)C=CC(Br)=C1,3.1258507,8.8974495
COC1=C(I)C=CC(C)=C1,2.8656614,10.018047
COC1=CC=CC(C(O)=O)=C1I,1.8355329,5.6125245
NC1=C(N)C(I)=CC=C1,3.7811992,11.73378
COC1=CC(Br)=C(OC)C=C1I,2.3747919,8.159556
CC(C)(C)C1=CC(Br)=C(I)C(Br)=C1,-2.5182157,0.7994508
COC1=C(I)C=CC(=C1)C(C)C,3.25291,9.695383
[H][C@](N)(CC1=CC(I)=C(O)C=C1)C(=O)OC,4.406592,8.968853
CN(C)C1=CC(Br)=C(I)C=C1,-1.4889996,3.9631212
OB(O)C1=C(I)C=CC(OCC2=CC=CC=C2)=C1,8.546572,7.097716
FC1=CC(F)=C(I)C(Cl)=C1,-1.2963674,6.3078656
CC1=C(O)C=CC(I)=C1C,5.300249,11.39022
IC1=CC=CC=C1N=C=O,2.0132608,8.677933
CCOC(=O)C1=CC(O)=C(I)C(O)=C1,1.1432353,7.790879
FC1=CC(Br)=C(I)C(F)=C1,-1.202811,6.2188215
COC(=O)C1=CC(I)=C(N)C=C1OC,3.6225276,10.159073
COC1=C(N)C(I)=CC=C1,3.8069968,11.539362
CC1=CC(I)=C(F)C=C1N,0.932564,9.896971
CC1=CC(Br)=C(I)C(Br)=C1,-2.614038,0.57963514
ClC1=CC=CC(Br)=C1I,-2.034436,0.14092107
FC1=C(I)C(OC(F)(F)F)=CC=C1,-0.103742115,7.661771
CC(C)NC1=CC=CC=C1I,4.1092124,11.084927
BrC(C1=CC=CC=C1)C1=C(I)C=CC=C1,6.4300337,8.807888
CC1=CC(I)=C(N)C=C1Cl,3.6898255,10.713776
COC1=C(I)C(F)=C(Cl)C=C1,0.26063535,8.368123
CC1=CC=C(N)C(I)=C1,4.005067,11.482091
FC1=CC=CC(CBr)=C1I,-0.6746922,7.7615294
CCC1=C(I)C=CC(O)=C1,5.4744296,11.372367
CC(Cl)C(=O)NC1=CC=CC=C1I,4.0407577,8.414941
CC1=CC=CC(C(O)=O)=C1I,3.7941592,3.891909
COC1=C(I)C=C(C)C(C)=C1,3.5005517,9.927393
CC(C)(C)C1=CC(O)=C(I)C=C1,3.5964186,9.766288
NC1=C(F)C(F)=C(I)C(F)=C1F,0.5619404,8.069326
[H][C@@](N)(CC1=CC=C(O)C(I)=C1)C(O)=O,3.8002253,9.369632
CC1=C(C)C(I)=C(C=C1)C(O)=O,4.032566,4.099325
COC(OC)C1=C(I)C=CC=C1,7.4333725,10.121293
BrCC1=C(I)C(Br)=CC=C1,-2.264455,1.5598017
CC(C)(C)OC(=O)NC1=C(I)C=CC=C1,4.5771027,8.746676
COC(=O)C1=C(I)C(Br)=CC=C1,-1.9377842,1.2176963
COC1=C(I)C=CC(=C1)C(C)(C)C,3.8657184,9.45334
OCC1=CC=C(I)C(O)=C1,2.3038986,10.281124
NC1=CC(=C(I)C=C1)C(F)(F)F,3.528695,9.659811
CC(C)(C)C1=CC(I)=C(O)C=C1,3.7541325,9.856257
CC(C)(C)C(=O)NC1=CC=CC=C1I,4.312873,8.757816
COC1=CC=C(Br)C(F)=C1I,0.35575536,8.242848
CC1=CC(N)=C(I)C=C1F,3.6581488,11.283468
OC1=C(I)C(O)=C(I)C=C1I,1.726721,7.2971306
OC(=O)CC1=CC=C(O)C(I)=C1,2.7427764,9.938812
COC1=CC=C(I)C(C)=C1,5.181448,11.520147
COCCOC1=CC=CC=C1I,3.295547,9.396743
FC1=C(I)C(Br)=CC(Cl)=C1,-1.6012603,5.965679
CC1=CC=CC(Br)=C1I,-2.3089683,2.3251617
COC1=C(I)C(Cl)=C(Cl)C=C1,-1.2988755,4.7775054
COC(=O)C1=CC=CC(C)=C1I,7.169021,10.270705
COC1=C(I)C=CC=C1,2.0069115,10.238837
COC1=CC(CO)=CC=C1I,2.8570411,9.563886
CC(C)C1=CC=C(N)C(I)=C1,4.251264,10.832071
OCC1=C(I)C=CC(F)=C1,7.387535,11.158368
COC(=O)C1=CC=CC(I)=C1O,2.0850139,5.844365
CC1=C(I)C=CC(O)=C1,4.9801445,11.277168
CC(=O)NC1=CC(F)=CC=C1I,3.765061,9.224728
CC1=CC(O)=C(C)C=C1I,5.116611,11.426269
OC(=O)CCC1=CC=C(O)C(I)=C1,3.844014,9.878429
FC1=C(I)C(Cl)=CC(Br)=C1,-1.4725206,6.1352367
NC1=CC=C(N)C(I)=C1,3.8835957,11.904507
ClC1=CC=CC(Cl)=C1I,-1.7236141,0.5197292
[H][C@@](CC1=CC(I)=C(O)C=C1)(NC(=O)OC(C)(C)C)C(O)=O,5.6671906,7.0853143
COC1=C(I)C=CC(F)=C1,1.8024784,9.97802
CC(C)C1=CC(C(C)C)=C(I)C=C1,6.6402783,10.078356
OC1=C(F)C=CC=C1I,1.331842,9.956318
COC(=O)[C@@H](C)[C@@H](C1CC1)C1=CC=C(I)C(O)=C1,4.861929,8.563192
CC1=CC(F)=C(N)C(I)=C1,3.6622534,11.235132
COC1=CC(F)=C(I)C=C1,0.14047858,9.35674
COC1=CC(OC)=C(I)C=C1Cl,2.2878058,9.157643
OB(O)C1=C(I)C=CC=C1,7.4924664,11.1578665
COC1=CC(I)=C(NC(=O)OC(C)(C)C)C=C1,7.189685,7.3835816
NC1=CC=CC(=C1I)N(=O)=O,1.718297,3.931808
CC(C)(C)C1=CC=C(N)C(I)=C1,4.3650527,10.910072
FC1=C(I)C(Br)=CC(Br)=C1,-1.6742731,5.902405
COC1=C(I)C=C(C=C1C(C)(C)C)N1C=CC(=O)NC1=O,6.031576,6.832442
COCC1=CC=CC=C1I,7.3817997,11.2282095
COC1=C(OC)C(I)=CC=C1I,3.0342996,7.1378894
BrC1=CC=CC(Br)=C1I,-2.4785118,0.48949683
OC1=CC(F)=C(I)C=C1,-0.0074454276,9.39662
FC1=CC(Cl)=C(I)C(Cl)=C1,-1.7356968,0.5088442
CC(C)(C)OC(=O)COC1=C(I)C=CC=C1,4.7205315,8.177652
COC1=C(Br)C=C(N)C(I)=C1,3.3797376,8.653242
COC(=O)C1=C(Cl)C(I)=C(C)C=C1,-1.6555338,2.4376636
NC1=CC(=CC=C1I)C(F)(F)F,3.5950408,10.04898
CCC1=CC(I)=C(N)C=C1,4.046888,11.387166
IC1=CC=CC=C1OCC#C,2.2006736,9.682652
FC1=CC(Br)=C(I)C(Br)=C1,-2.5862908,0.39643216
OC(=O)CCOC1=C(I)C=CC=C1,2.9465477,8.876593
COC1=CC=C(C)C=C1I,2.2355418,10.293366
IC1=C(OC2=CC=CC=C2)C=CC=C1,2.7803233,8.984355
OB(O)C1=CC(F)=C(I)C(F)=C1,0.24155721,7.719782
COC1=C(C)C(C)=C(I)C=C1,5.4030185,11.163323
NC1=C(I)C=C(F)C(F)=C1,3.2353957,10.532957
COC(=O)C1=CC=CC(I)=C1N,3.5706651,5.8689075
COC1=CC=C(I)C(=C1)B1OC(C)(C)C(C)(C)O1,8.150945,7.243748
NC1=CC=C(O)C=C1I,3.6849082,11.719974
CCCCC1=CC(I)=C(N)C=C1,4.5445294,10.629235
OC(=O)C1=C(I)C(Br)=CC=C1,-1.9985943,1.4186594
CC1=C(I)C=CC(NC(=O)OC(C)(C)C)=C1,8.324548,7.4731693
COC1=CC=C(COC2=C(I)C=CC=C2)C=C1,4.8397064,8.200106
COC(=O)C1=C(C)C=C(N)C(I)=C1,4.2593694,10.190648
OC(=O)CCNC1=CC=CC=C1I,4.3573565,10.513451
NC1=C(Cl)C(Br)=CC=C1I,3.1183577,8.197171
COC1=CC(Cl)=CC=C1I,2.1767004,9.217633
NC1=C(F)C=CC=C1I,3.2705183,11.01489
COC1=CC(=C(I)C=C1)C(F)(F)F,8.339524,8.396982
ClC1=CC(Br)=C(I)C(Cl)=C1,-2.2394893,0.27258974
OC(=O)C1=CC=CC2=CC=CC(I)=C12,4.6658444,4.0350223
SC1=CC=CC=C1I,-1.0645732,3.6962883
NC1=CC=C(CC(O)=O)C=C1I,4.030724,10.727087
COC1=CC(C=O)=CC(I)=C1O,2.0247173,5.682561
COC(=O)C1=CC(I)=C(N)C(C)=C1,4.063099,10.264533
CC1=CC(C)=C(I)C=C1,6.532405,11.472243
CCOC(=O)CC1=CC=C(N)C(I)=C1,4.49396,10.317373
CC1=C(C)C(I)=CC=C1,7.158705,11.495591
COC1=C(I)C=CC(Br)=C1,2.0838344,8.120431
OCC1=C(I)C=CC(Cl)=C1,7.532959,10.719032
OC1=CC(I)=C(O)C=C1I,2.294794,8.044951
IC1=CC=CC=C1C(=O)NC1CCCCC1,7.5290136,7.8018064
OC1=CC(Cl)=C(F)C=C1I,1.5430087,9.222197
COC1=CC=C(N)C=C1I,2.7193856,11.181124
OC1=CC(=CC=C1I)C(=O)N1CCCCC1,4.673352,8.382026
OC1=C(I)C=CC=C1Br,1.7616742,8.410898
COC1=CC(Br)=C(I)C=C1,-1.7123687,3.078014
COC(=O)C1=CC=C(N)C(I)=C1,3.674909,10.281578
CC1=C(C=C(N)C(I)=C1)C(F)(F)F,4.049995,10.164472
COC1=C(I)C2=C(C=CC=C2)C=C1,2.611533,6.136576
CC1=C(I)C(=CC(Br)=C1)C(O)=O,3.9013393,3.4601047
OC1=C(I)C=CC(Cl)=C1,1.5594217,9.745242
NC1=C(Br)C=CC=C1I,3.273017,8.631596
[H][C@](N)(CC1=CC=C(OC2=CC=C(O)C=C2)C(I)=C1)C(O)=O,5.6054564,6.9856586
CC1(C)OB(OC1(C)C)C1=CC(O)=CC=C1I,8.222803,7.5415845
CCOC1=CC(Br)=CC=C1I,2.5070183,8.085481
CC(C)C1=C(I)C=CC=C1,6.950156,11.158157
CC1=C(C(O)=O)C(N)=CC=C1I,4.504314,5.2145023
BrC1=C(OC2=C(I)C=CC=C2)C=CC(=C1)C#N,5.7311583,7.6165166
CC1=C(I)C=CC=C1,7.319309,11.666282
CC(C)(C)OC(=O)NC1=C(I)C=C(F)C=C1,7.63904,8.290802
OCC1=C(I)C=CC(Br)=C1,5.969474,9.325115
COC1=CC(N)=C(I)C=C1I,3.8163865,9.924547
FC1=C(I)C=CC(=C1)C1CC1,0.11563867,9.242176
NC1=C(I)C=C(F)C=C1,3.3670535,11.108155
NC1=CC(F)=C(I)C=C1F,0.4441914,9.601483
OC(=O)C1=C(I)C(F)=CC=C1,0.86002356,5.6998577
ClC1=CC(Cl)=C(I)C(Cl)=C1,-1.8212843,0.4163177
CCOC(=O)C1=CC(I)=C(N)C=C1,3.935958,9.994789
NC1=CC=C(I)C(Cl)=C1,-1.2500755,4.1619587
OC1=C(I)C(=CC=C1)N(=O)=O,1.2357612,4.271857
NC1=C(O)C=CC=C1I,3.4356327,11.509143
ClC1=CC(Br)=C(I)C(Br)=C1,-2.3634098,0.4988872
CC1=CC(F)=C(I)C=C1,-0.5122561,9.321229
CC1=CC(Cl)=CC(I)=C1N,3.7720704,10.675731
NC1=CC(Br)=C(F)C=C1I,3.2086174,8.569436
COC1=C(C)C(I)=CC=C1C,6.523293,10.952066
OC(=O)C1(CC1)C1=C(I)C=CC=C1,7.474579,9.805301
NC(CC1=CC=CC=C1I)C(O)=O,6.8469706,10.25807
COC1=CC(I)=C(N)C=C1,3.9364715,11.609126
CCOC(=O)COC1=CC=CC=C1I,3.5253274,8.874765
NC1=C(F)C(F)=C(I)C=C1,0.48905176,9.424928
CC1=C(N)C=CC=C1I,5.6815057,11.7593155
NC(CC1=CC(I)=C(O)C(I)=C1)C(O)=O,4.178238,7.455083
CC(C)(C)NC(=O)C1=CC=CC=C1I,7.6338463,8.799156
ClC1=CC(Br)=CC(Cl)=C1I,-2.001202,0.47745952
OC1=C(I)C=C(C=C1)C1=CC=CC=C1,3.9424949,9.434363
IC1=C(C=CC=C1)C1=CC=CC=C1,7.003864,10.315707
NC1=C(I)C=C(F)C(Cl)=C1,3.454031,9.875368
NC1=C(I)C=C(C=C1)C1=CC=CC=C1,4.463549,10.362983
CCCCCCCCC(=O)NCC1=C(I)C=C(O)C(OC)=C1,7.0831747,6.6155286
OC(C1=CC=CC=C1)C1=CC=CC=C1I,7.037789,9.599458
COC1=CC(C)=C(OC)C=C1I,3.3524826,10.243955
COC(=O)C1=C(I)C(F)=CC=C1,1.0300481,6.0145044
NC1=CC=C(C=C1I)C(O)=O,3.3841193,10.291893
CCCNC(=O)C1=CC=CC=C1I,8.117442,8.915828
COC(=O)C1=C(N)C=C(OC)C(I)=C1,3.0274284,5.6305876
NC1=CC=C(I)C(Br)=C1,-1.4897882,3.724313
CC(C)C1=C(I)C=CC(Br)=C1,6.4573593,9.696292
NC1=CC(I)=C(O)C=C1,3.2340853,11.543669
BrC1=CC(Br)=C(I)C(Br)=C1,-2.4253395,0.6301811
NC1=CC(Br)=C(Cl)C=C1I,3.04789,8.266421
CC1=CC(I)=C(CO)C=C1C,6.409174,11.347935
OC1=CC=C(OC(F)(F)F)C=C1I,1.8754946,8.77839
IC1=CC=CC=C1CC#N,8.344869,10.223627
OC1=CC=CC(C=O)=C1I,2.2256608,5.256717
FC1=CC=CC(Br)=C1I,-1.4128627,6.3598275
OC1=C(I)C=C(Cl)C=C1Cl,1.5360211,8.714808
NC1=C(I)C=CC=C1C(O)=O,3.6415796,5.7917476
OCCC1=C(I)C=CC=C1,7.1276093,11.127883
COC(=O)C1=C(OC)C=C(NC(C)=O)C(I)=C1,3.9819407,8.563871
COC1=CC(Cl)=C(I)C=C1,-1.3008301,3.7046847
COC1=C(I)C=C(O)C=C1,2.172925,10.698945
CC1=C(I)C=CC=C1CO,7.0900416,11.554403
NC1=CC=C(Cl)C(I)=C1Cl,-2.2362957,3.5635345
CC(=O)NC1=CC=CC=C1I,3.9683316,9.552006
[H][C@@](N)(CC1=CC(I)=C(O)C(I)=C1)C(O)=O,4.037831,6.944025
COC(=O)C1=CC(I)=C(N)C=C1Cl,3.5253665,9.471042
CC(C)(C)OC(=O)NC1=C(I)C=C(Br)C=C1,4.3244896,7.681604
OC(=O)C1=C(O)C=C(O)C(I)=C1,1.5645442,9.018965
CCNC(=O)C1=CC(O)=C(I)C=C1,3.2638013,9.27698
CCOC1=C(I)C=CC=C1,2.8971114,9.585303
BrCCC1=CC=CC=C1I,6.4041357,9.789707
CC1=C(C=C(I)C(N)=C1)C#N,2.911323,9.759776
ClCC(=O)NC1=CC=CC=C1I,4.08321,8.732078
OC(=O)CCC1=CC=CC=C1I,7.0853004,10.65781
COC(=O)C1=CC(I)=C(N)C(OC)=C1,3.9739394,10.087663
FC(F)OC1=CC=CC=C1I,1.4952141,8.89391
IC1=C(OCC2=CC=CC=C2)C=CC=C1,4.0857,8.682889
CCC1=CC=CC=C1I,6.902372,11.47493
NC1=C(I)C=C(Cl)C(Cl)=C1,3.477152,9.637448
COC1=CC=C2C=C(C=CC2=C1I)[C@H](C)C(O)=O,3.1861222,5.781731
OC1=C(I)C=C(Cl)C=C1,2.0026002,9.7004595
CCCC1=C(I)C=CC=C1,7.1133823,11.140713
CC(C)(C)C1=CC(I)=C(O)C(I)=C1,3.8159933,7.4834967
NC1=C(I)C=C(Cl)C(F)=C1,3.0345535,10.210217
CC1=C(I)C(F)=C(C=C1)C(O)=O,1.4038119,5.628916
OCC1=CC(F)=C(I)C=C1,-0.5561988,9.175532
NCC1=CC=CC=C1I,7.0684743,11.59409
COC(=O)C1=C(OC)C=C(I)C(N)=C1,3.8507447,6.113886
CC(C)(C)C(=O)NC1=CC=C(Cl)C=C1I,4.318973,8.01372
OCC1=CC(I)=C(O)C=C1,2.4167726,10.485042
FC1=C(I)C=CC=C1,-0.847565,9.121865
CCNC(=O)C1=CC=CC=C1I,8.148749,9.376455
FC(F)C1=C(I)C(F)=C(Cl)C=C1,-1.1131871,7.624796
COC1=C(I)C=C(C(C)C)C(F)=C1,3.5894976,9.154063
CC1=CC(O)=C(I)C=C1Cl,1.9715856,9.595216
CCOC1=CC=C(I)C(F)=C1F,0.15723024,9.071457
COC(=O)C1=CC(I)=C(N)C(Br)=C1,3.2305799,8.128243
OC1=C(I)C=C(Br)C=C1,2.0033011,8.341764
NC1=C(I)C=C(C(Br)=C1)C(F)(F)F,2.8335729,8.344435
CN(C)CC1=CC(Br)=CC=C1I,6.790228,9.001051
NC1=C(I)C=C(OC(F)(F)F)C=C1,3.4801583,10.164468
NC1=CC=C(C=C1I)C(F)(F)F,3.2665725,9.978181
IC1=CC(C2CCCCC2)=C(I)C=C1C1CCCCC1,7.627516,6.4634643
IC1=CC=CC=C1C(=O)NC1CC1,7.792889,9.302684
SC1=CC(Cl)=CC=C1I,-1.0861648,3.0836298
COC(=O)NC1=CC(F)=C(Cl)C=C1I,3.5706706,8.208842
CNC(=O)C1=CC=CC=C1I,8.332514,9.85089
NC1=C(Cl)C=C(Cl)C=C1I,3.1408648,9.251444
FC(F)(F)C1=CC(Cl)=C(I)C(Cl)=C1,-1.6772994,0.20318943
OCC1=CC=CC=C1I,7.5473394,11.529618
CC1=CC(C(O)=O)=C(I)C(Br)=C1,-2.2060697,1.4640319
COC1=CC(N)=C(C=C1I)C(O)=O,2.573338,5.5684495
COC1=C(I)C=C(F)C(F)=C1,1.599883,9.799339
CCCCOC1=C(F)C(F)=C(I)C=C1,0.86148715,8.949753
FC1=CC(I)=C(NC(=O)CCl)C=C1,3.8322105,8.488317
NC1=CC=C(NC(=O)C2=CC=CC=C2I)C=C1,8.666784,7.0905185
COC1=CC=CC(I)=C1C,6.0825706,11.951536
BrC1=CC=CC2=CC=CC(I)=C12,4.7280884,3.5703707
CC1=CC(=CC(C)=C1I)C#N,7.465157,10.058131
CC1=CC(Br)=CC(I)=C1N,3.510161,8.998009
OC1=CC=C(C=C1I)C(F)(F)F,1.7693657,8.796018
FC(F)C1=C(I)C=CC=C1,8.616246,10.079673
FC1=CC=C(I)C(F)=C1,-1.0206673,8.848009
CC1=C(F)C=C(F)C(I)=C1,-0.6701022,8.928915
IC1=C(OC2CC2)C=CC=C1,2.4398546,9.805327
CC1=C(I)C=CC(Cl)=C1,7.63633,10.967662
OC1=C(I)C=C(F)C=C1F,1.2742246,9.664139
COC1=CC(Cl)=C(OC)C=C1I,2.4094594,9.053234
CC(=O)C1=CC=C2C=CC=CC2=C1I,4.387139,4.6790357
OC(=O)C1=C(I)C(Cl)=CC=C1,-1.1619033,1.7340542
COC1=C(I)C=C(F)C=C1,1.9586092,9.80854
FC(F)(F)C(=O)NC1=CC=CC=C1I,3.971021,8.750091
COC1=C(I)C=C(CO)C=C1,2.758344,10.003151
COC(=O)CC1=C(I)C=CC=C1,7.4666624,10.238824
CC1=CC=CC(I)=C1F,-0.61450064,9.111319
FC1=CC=C(Cl)C(Br)=C1I,-1.6091797,5.969383
COC(=O)C1=CC=C(I)C(N)=C1,3.4063096,6.1005726
OC(=O)CC1=CC(Br)=CC=C1I,6.120437,9.031696
CN(C)C1=CC=C(I)C=C1,11.451053,9.03379
C[C@H](O)C1=C(I)C=CC(F)=C1,7.164453,10.940925
COC(=O)C1=C(N)C(I)=CC(Br)=C1,3.3598921,6.1523943
COC(=O)CCC1=CC(I)=C(O)C=C1,4.213247,9.304397
CCOC(=O)C1=CC(I)=C(O)C=C1,2.5316472,8.840971
OC1=CC(=CC=C1I)C(=O)N1CCOCC1,4.4164553,8.316441
COC1=CC=CC(I)=C1OC,2.4697375,10.041678
CC1=CC(I)=C(CO)C=C1,7.210062,11.274383
OC(=O)C1=CC=CC(C(O)=O)=C1I,4.072557,2.1831963
CCC1=C(I)C=CC(Br)=C1,6.2382092,9.552781
CC1=CC(F)=C(I)C=C1O,0.31249398,9.796922
OCC1=C(I)C(I)=CC(I)=C1,-0.8387007,1.5093507
FC1=CC(F)=C(F)C(I)=C1F,0.44514224,7.4307184
OC1=C(I)C=CC=C1Cl,1.5162975,9.385371
ClC1=CC=C(C=C1)C(=O)NC1=C(I)C=CC=C1,4.0987844,7.0175447
CC1=CC(I)=C(F)C=C1,-0.47000918,9.237427
FC1=C(I)C(F)=C(Br)C=C1,-0.021853365,7.4262424
CC(=O)C1=CC=C(N)C(I)=C1,3.0445452,5.7293315
NC1=C(I)C=C(Br)C(F)=C1,3.13021,8.445511
CC1(C)OB(OC1(C)C)C1=C(I)C=CC=C1,7.936724,7.762532
OC(=O)CNC(=O)C1=C(I)C=CC=C1,8.042386,9.038731
CC1=CC=CC=C1OC1=C(I)C=CC=C1,3.8287485,8.705983
FC1=C(F)C(F)=C(I)C(F)=C1F,0.22190097,7.189774
FC(F)(F)OC1=CC(Br)=CC=C1I,1.2742293,7.2082376
IC1=C(C=CC=C1)C(=O)NC1CCCC1,7.628335,8.610869
OC(=O)CC1=CC=C(I)C(F)=C1,-0.2603613,8.975612
OC1=CC(F)=C(F)C=C1I,1.6541585,9.785911
CCOC(=O)C1=CC(Br)=C(N)C(I)=C1,3.5486138,7.786721
NC1=C(I)C=C(Cl)C=C1,3.6426082,10.5567465
OC1=CC(Cl)=C(I)C=C1,-1.3919449,3.5096552
NC1=CC2=CC=CC=C2C=C1I,3.7012422,6.694802
NC1=C(N)C=C(I)C(Cl)=C1,-1.6685705,3.9072404
CC1=C(I)C=CC=C1CC#N,7.669464,10.532902
CCOC(=O)C1=CC(I)=C(O)C(I)=C1,3.3745232,6.9625483
CC1=CC(I)=C(C)C=C1,7.0736055,11.628242
NC1=C(F)C(I)=CC=C1,0.67949194,10.256461
CC1=CC(Br)=CC=C1I,6.0503964,9.276246
COC1=CC(C)=C(Cl)C=C1I,2.2553396,9.338213
CC1=C(F)C(I)=CC=C1Br,-0.41356897,7.5382586
OC1=CC=C(I)C(Br)=C1,-1.7999084,3.161119
COC1=CC(Cl)=C(I)C=C1N,-1.7345787,3.9018857
CC1=CC(=C(I)C(C)=C1)N(=O)=O,2.2427194,2.226068
CC1=C(I)C=C(N)C=C1,5.8926167,11.889652
COC1=CC=C(OC)C(I)=C1,2.5036714,10.621292
NC1=C(F)C=C(I)C(Cl)=C1,-1.2390348,3.9311981
NC1=C(I)C=C(Br)C=C1,3.3632977,8.679349
NC1=CC(F)=C(C=C1I)C#N,3.0545247,9.406452
CC(C)(C)OC(=O)N[C@@H](CC1=CC=CC=C1I)C(O)=O,7.314919,7.3996506
FC1=C(I)C(F)=C(Br)C=C1Br,-0.36879963,6.973339
FC1=C(Cl)C=CC(Br)=C1I,-1.7280649,5.944097
OC1=CC(=CC=C1I)C#N,1.8875177,6.511652
COC(=O)C1=C(N)C(I)=CC(=C1)C(F)(F)F,3.1797125,5.886176
NC1=C(I)C=C(C=C1)C#N,2.9859576,9.51649
NC1=CC(Cl)=C(C=C1I)C#N,2.6312802,9.383746
COC1=CC=CC(I)=C1F,0.21112809,10.140556
NNC(=O)C1=CC=CC=C1I,8.547692,9.787018
CCN(CC)C(=O)C1=CC(OCCOC)=C(I)C=C1,5.41041,7.588472
NC1=C(C=C(Cl)C=C1I)C(O)=O,3.0683732,5.8701134
OC1=CC(F)=C(Cl)C=C1I,1.455031,9.326797
NC1=CC(I)=C(CO)C=C1,5.8707876,12.011723
NCC1=C(I)C=CC(Br)=C1,6.0142283,9.55326
COC1=CC(OC)=C(I)C=C1C=O,1.8973408,5.4290323
COC(=O)C1=C(N)C(I)=CC(Cl)=C1,3.3978121,6.02047
IC1=CC=CC2=CC=CC(I)=C12,5.331129,4.2895684
COC1=CC(I)=C(OC)C=C1I,2.9014742,7.749949
COC1=C(I)C(=CC=C1)N(=O)=O,1.4018776,3.853014
OC1=C(I)C=C(F)C=C1,1.7945199,10.093671
FC(F)OC1=C(I)C=CC(Br)=C1,1.3228226,7.621341
COC1=C(F)C(I)=CC=C1F,-0.7404388,8.355032
[H][C@](N)(CC1=CC=C(O)C(I)=C1)C(O)=O,3.6519408,8.946326
CC1=CC(I)=C(N)C(I)=C1,3.4587634,7.459025
OC1=CC=C(I)C(F)=C1F,-0.3885493,9.009113
CC1=CC(Br)=C(C)C=C1I,6.246753,9.551125
CC1=C(O)C(I)=CC(Cl)=C1,2.1123774,9.734672
CC1=CC(I)=C(C)C=C1I,6.9251337,9.769646
NC1=C(I)C=C(F)C(F)=C1F,2.9536357,9.679531
BrC1=CC=C(OCC2=CC=CC=C2)C(I)=C1,4.942586,7.575823
OC1=C(I)C=C(F)C(F)=C1I,2.5888484,7.219656
OCC1=C(F)C=C(F)C(I)=C1,-0.5956004,8.92207
CC1=CC=C(C=C1)S(=O)(=O)NC1=CC=CC=C1I,6.948202,7.6490507
CC1=CC(Cl)=C(I)C=C1,-1.155269,3.2168255
CCN(CC)C(=O)C1=CC=CC=C1I,7.5108666,8.785542
NC1=C(I)C=C(F)C=C1F,2.8617096,10.237778
CCOC(=O)CC1=CC(I)=C(O)C(I)=C1,4.026823,7.2257123
NC1=C(I)C=C(F)C(=C1)C(F)(F)F,3.148123,9.736879
CC(C)(C)OC(=O)COC1=C(I)C=C(Cl)C=C1,5.1097608,7.809041
NC1=C(I)C=C(Br)C(Cl)=C1,2.8690848,8.399989
CNC1=CC=C(I)C=C1,11.833405,9.069727
COC(=O)C1=CC(I)=C(OC2=CC=CC=C2)C=C1,4.225137,7.8752675
NC1=CC=C(F)C(I)=C1,0.757536,10.375893
CC1=CC(I)=C(F)C=C1Cl,-0.95356447,8.743569
NC1=CC(F)=C(I)C=C1C(O)=O,1.6815685,5.6886387
COC(=O)C1=CC(N)=CC=C1I,5.0374947,4.0209484
CNCC1=C(I)C=CC=C1,6.4207587,11.406146
CCOC(=O)C1=CC(I)=C(N)C(I)=C1,3.8772736,7.0100794
FC1=C(I)C=CC(Cl)=C1,-1.2735943,8.51182
CC1=CC(Br)=C(I)C=C1,-1.9785429,2.6322477
CC1=C(I)C=CC(OC(F)(F)F)=C1,6.7719893,10.036697
COC1=C(I)C=C(OC2=CN=C(N)N=C2N)C(=C1)C(C)C,5.8240356,7.1662016
COC(=O)C1=CC(NC(=O)C2=CC=CC=C2I)=CC=C1,6.046046,4.995064
FC1=C(I)C=CC(Br)=C1,-0.6586736,7.459934
IC1=CC=CC=C1NC(=O)C=C,3.8689053,9.177376
ClC1=C(Cl)C(I)=C(Cl)C=C1,-1.610091,0.36473826
FC1=CC=C(I)C(=C1)C(F)(F)F,8.5442505,8.629245
NC1=C(I)C=C(C=C1I)C(O)=O,3.4814363,7.1278386
CC(C)C1=CC=C(I)C(Br)=C1,-1.7529187,2.4243832
NC1=C(Br)C=C(Cl)C=C1I,3.145173,8.018991
NC1=C(I)C=CC(=C1)C(O)=O,3.1218257,6.1031346
CC(C)(C)C1=CC=C(I)C(Br)=C1,-1.6171031,2.390481
ClC1=C(Cl)C(Cl)=C(I)C(Cl)=C1Cl,-1.622852,0.3301642
NC1=C(I)C=C(Cl)C(=C1)C(F)(F)F,3.380495,9.079893
OC(=O)COC1=C(I)C=C(Cl)C=C1,2.1059601,8.445063
CCOC(=O)CNC1=CC=C(I)C=C1,10.257186,7.946894
NC1=C(C=CC=C1I)C#N,2.8546095,8.720729
CC(=O)NC1=C(I)C=C(Br)C=C1,3.3317416,8.089107
CCC1=CC(Br)=C(I)C=C1,-1.6854962,2.6615894
CCOC(=O)C1=CC(Cl)=CC(Cl)=C1I,-1.3771641,1.4416013
ClCC1=C(I)C=CC=C1,7.9904585,10.428081
COC1=C(C=C(C=C1I)C(F)(F)F)C(F)(F)F,1.9972129,7.315251
OC(=O)C1=CC(Br)=CC(C(O)=O)=C1I,4.0149393,2.4171314
CC1=C(Cl)C=CC=C1I,7.829053,10.715008
CNC1=CC=C(I)C=C1C,11.778409,8.876658
COC(=O)C1=C(N)C(I)=CC(F)=C1,3.380315,5.869105
COC1=C(I)C=C(F)C(Br)=C1,1.7651972,7.999735
COC1=CC=C(C(N)=O)C(I)=C1,10.058557,8.235069
COC(=O)C1=CC(N)=C(I)C=C1C,3.5246046,6.0638185
FC(F)(F)COC1=C(I)C=CC=C1,2.3241165,8.997698
CC1=CC=CC(I)=C1CO,7.177461,11.094077
COC1=CC(C(O)=O)=C(I)C=C1,4.695953,3.552333
COC(=O)C1=CC(I)=C(NC(C)=O)C=C1,4.135217,8.043129
CCC1=C(I)C=C(C=C1)C(C)(C)C(O)=O,7.2526927,8.98446
OC(=O)CC1=CC=CC=C1I,7.8031645,10.570487
CC(C)(C)OC(=O)N1CCN(CC1)C1=CC=C(I)C=C1,8.216086,6.88903
CC1=C(I)C=C(O)C=C1,6.460429,11.753742
OCC1=CC(I)=C(F)C=C1,-0.6446019,9.362674
NC1=C(Cl)C=C(C=C1I)C(F)(F)F,3.4043806,8.6916
CC1=CC(Cl)=C(I)C=C1C,-1.3360605,3.3206835
CC1(C)OB(OC1(C)C)C1=C(F)C=CC=C1I,8.196748,7.4626455
COC(=O)C1=C(I)C=C(OC)C(OC)=C1,9.208191,7.672391
CC1=CC=CC(I)=C1Cl,-1.0313506,2.8676527
CC1=C(Br)C=CC(I)=C1Cl,-1.7014934,1.7391164
OCC1=CC=CC(I)=C1F,-0.9738519,9.156606
COC1=C(F)C=CC=C1I,1.6804017,9.266409
NC1=C(C=C(C=C1I)C#N)C(F)(F)F,2.9195096,8.683193
OC1=C(I)C=CC(=C1)C(F)(F)F,1.6401678,9.084355
OC1=C(Cl)C=C(Br)C=C1I,1.7373317,7.716607
FC1=CC=CC(I)=C1C(F)(F)F,8.953913,8.878225
NC1=CC(=CC=C1I)C#N,2.7336416,6.540937
CCN(CC)C(=O)C1=CC(O)=C(I)C=C1,4.186862,8.595392
CC1=CC(C=O)=CC(C)=C1I,3.4607365,3.863329
CC1=C(F)C=CC=C1I,8.040218,11.150136
CC(=O)C1=CC(I)=C(O)C=C1,2.2067165,5.926393
NC1=CC=C(I)C2=CC=CC=C12,4.52638,10.9302025
OCC1=C(I)C=C(F)C=C1,8.092108,10.9205475
COC1=CC=C(C=O)C(I)=C1O,2.4390993,5.1852283
CC(C)C1=C(I)C=C(C=C1)C(O)=O,4.246643,4.359744
ClC1=CC=CC=C1I,-0.7450473,3.0124497
FC1=C(I)C=CC(OC(F)(F)F)=C1,-0.99467814,8.406663
CC1=CC=CC(I)=C1Br,-1.7759551,2.302591
CCNC(=O)C1=CC(OCC)=C(I)C=C1,4.6174045,8.106639
NC1=CC(I)=C(F)C=C1Cl,0.32701656,10.09803
CC(=O)CC1=C(I)C=CC=C1,4.6595235,4.891743
NC1=CC=C(I)C=C1,12.076397,8.810584
COC1=C(F)C=C(I)C(Cl)=C1,-1.236296,3.3209794
CC1=CC=C(F)C=C1I,8.015126,11.191461
COC1=CC(C(C)C)=C(OS(=O)(=O)C2=CC=C(C)C=C2)C=C1I,5.7593184,6.8898897
COC1=CC=C(C=C1)N(C)C(=O)C1=CC=CC=C1I,7.6156383,7.245167
OC1=C(I)C=C(Br)C=C1I,2.5806694,6.8833623
OC(=O)CNC1=CC=C(I)C=C1,11.319446,8.490804
OC1=C(I)C=CC(C=O)=C1,1.7980684,5.7971015
SCCC1=CC=CC=C1I,7.0183926,10.678207
COC(=O)C1=C(C)C(I)=CC=C1,7.5100493,10.265276
FC1=C(I)C=CC(I)=C1,-0.8632803,7.9013343
NNC1=CC=C(I)C=C1,11.862584,8.849602
CC1=CC=CC(I)=C1C1=C(C)C=CC=C1I,7.2235937,8.415696
OC1=C(I)C=CC=C1I,2.424564,7.9435043
CC1=C(I)C(F)=C(C=C1)C#N,0.96023405,5.285142
COC1=C(I)C=CC(=C1)C(F)(F)F,2.1911952,8.63725
CC1=CC(I)=CC(C)=C1N,11.473831,8.857683
COC(=O)C1=C(OC)C=C(F)C(I)=C1,0.16283277,8.672872
COC(=O)C1=C(I)C=CC(O)=C1,5.0369015,3.4646373
NC1=C(F)C=C(C=C1I)C#N,2.621099,9.379969
COC1=CC=C(C=C1I)C(F)(F)F,2.0438116,8.726757
COC1=C(OC)C(I)=C(C=O)C=C1,2.7486155,4.6346855
OCC1=CC(Br)=C(I)C=C1,-1.8704721,2.2330997
OCC1=CC(I)=C(CO)C=C1I,7.1408463,9.354445
FC(F)(F)C1=CC=CC=C1I,8.822429,9.045399
COC1=C(OC)C=C(C(O)=O)C(I)=C1,8.894081,8.121098
CC1=CC=C(NC(=O)CCl)C=C1I,7.244603,8.940073
OC1=CC=CC(I)=C1F,-0.28209475,9.684013
OC(=O)C1=CC(O)=CC=C1I,4.6200266,3.3635817
CC1=C(I)C=C(CO)C=C1,7.1018944,11.491098
CC1=CC(C(O)=O)=C(I)C=C1,4.376562,3.1774569
CS(=O)(=O)NC1=CC=CC=C1I,7.939097,9.498673
FC1=CC(F)=C(F)C=C1I,-1.1712972,8.523452
CC(=O)C1=C(I)C=CC=C1,3.940102,3.3631818
COC(=O)C1=C(Cl)C=C(O)C(I)=C1,1.671,8.347078
FC1=CC(Cl)=C(I)C=C1,-0.9630011,2.8224423
IC1=CC=C(C=C1)N1CCCCC1,10.563964,8.3895445
CC1=C(N)C=CC(I)=C1,11.986272,8.997722
IC1=C(C=CC=C1)C(=O)NCC1=CC=CC=C1,7.3778377,8.085961
OCC1=C(Cl)C=CC=C1I,8.114805,10.282572
CCOC1=CC=C(I)C=C1,11.712819,7.9265094
COC1=C(I)C=C(Cl)C=C1,2.051959,9.3648
ClCC1=CC(Br)=CC=C1I,6.0352626,8.827408
NC1=CC=C(I)C(F)=C1C#N,1.317851,6.023148
CCN(CC)C(=O)C1=CC(OCC(C)C)=C(I)C=C1,5.6277947,7.324873
FC(F)(F)C1=C(I)C=CC(Br)=C1,6.8064857,8.051234
COC1=CC=C(COC2=CC=C(I)C=C2)C=C1,8.910549,6.77636
CC1=CC(N)=C(C=C1I)C(O)=O,4.731797,4.9029655
COC(=O)C1=CC(F)=C(N)C(I)=C1,3.1575298,9.46874
CC1=CC(I)=C(O)C(=C1)C(O)=O,2.0651722,5.7254324
COC1=CC=CC(I)=C1NC(=O)OC(C)(C)C,6.9663324,7.5081086
FC1=C(F)C(=CC=C1I)C1OCCO1,-0.61070764,8.327992
NC1=C(I)C=C(C=C1F)C(F)(F)F,2.9728632,9.415715
FC1=C(F)C(I)=CC=C1,-1.2119019,8.637844
COC1=C(C=C(I)C(F)=C1)C(O)=O,1.251082,5.7301035
CON(C)C(=O)C1=C(I)C=C(Cl)C=C1,7.6167274,8.421194
OC1=C(NCC(=O)N2CCN(CC2)C(=O)C=C)C=C(I)C(Cl)=C1,6.545217,6.6084294
NC1=C(F)C=C(Cl)C=C1I,3.1835473,9.580915
CC1=C(I)C=CC=C1C(O)=O,7.2533693,9.89381
OCC1=C(OCC2=CC=CC=C2)C=CC(I)=C1,9.196471,7.0554004
FC1=CC(I)=C(F)C=C1,-1.1509644,8.787884
NCCOC1=CC=C(I)C=C1,11.375969,7.715353
IC1=CC=CC=C1C=C,7.5428104,11.437176
CC1=C(Br)C=CC=C1I,6.3373475,9.367018
FC(F)(F)C1=CC(Cl)=CC=C1I,8.2025175,8.557063
IC1=CC=C(C=C1)N1CCNCC1,10.777324,8.354358
FC1=C(I)C(Cl)=C(C=C1)C#N,-1.4567546,6.3289757
CCOC1=C(I)C=CC(=C1)C(=O)N1CCOCC1,4.779883,8.0711155
OCC1=C(I)C=CC=C1F,8.49131,10.227679
FC1=CC=C(I)C(F)=C1F,-1.1978558,8.469837
COC(=O)C1=CC(I)=C(N)C(I)=C1,3.251301,7.3682084
OC1=CC=C(C=O)C=C1I,2.177797,6.0518394
OC1=C(Cl)C(I)=CC=C1,-1.5231452,3.224839
CCN(CC)C(=O)C1=CC(OCC2CC2)=C(I)C=C1,5.4156437,7.4424634
CCOC(=O)C(=CNC1=C(I)C=CC=C1)C(=O)OCC,5.594181,5.6964507
NC(=O)C1=CC(O)=C(I)C=C1,2.0484984,9.486369
COC1=CC=C(I)C=C1,12.123843,7.7428513
COC(=O)C1=CC(I)=C(NC(C)=O)C=C1Cl,3.906114,7.470735
CCC1=C(N)C=CC(I)=C1,11.597086,8.879946
NC1=CC=CC(I)=C1Br,-2.324127,3.1962354
OC(=O)CC1=C(I)C=C(Cl)C=C1,7.6729774,9.622254
COC1=C(CO)C=C(I)C=C1,11.758421,7.996434
NC(=O)CC1=C(I)C=CC=C1,7.89996,10.093354
CC1=CC(=CC=C1I)C1=CC(C)=C(I)C=C1,7.788763,7.412066
CC1=C(I)C(=CC=C1)N(=O)=O,2.1656451,2.053483
NC1=C(I)C=C(C#N)C(=C1)C(F)(F)F,2.928744,9.078725
FC1=CC(Br)=C(I)C=C1,-1.8038124,1.9830295
CC1=C(I)C=CC(=C1)C(F)(F)F,8.189842,10.557279
IC1=C(C=CC=C1)C(=O)N1CCCC1,7.579067,8.613213
OC1=C(I)C=C(C#N)C(F)=C1,1.2515452,8.790359
OC1=C(I)C=C(Br)C=C1F,1.2930055,8.003273
IC1=CC=C(OCC2=CC=CC=C2)C=C1,9.703717,6.947433
BrC1=C(I)C(=CC=C1)N(=O)=O,0.6752278,0.62652403
CC(C)OC1=CC=C(I)C=C1,11.186544,8.037746
OC(=O)CCC1=CC(I)=C(O)C(I)=C1,3.8468316,7.076368
COC1=C(I)C=C(Br)C=C1,2.2867844,8.344428
OC(=O)C1=CC(I)=C(O)C(I)=C1,2.661623,7.2179985
BrC1=CC=CC=C1I,-1.7694991,2.230702
COC1=CC(CC#N)=CC(I)=C1OC,3.342477,9.070341
OC1=CC=C(C=C1I)C#N,1.6290833,9.157497
CCOC(=O)C1=CC(I)=C(OC)C=C1,3.311916,8.515522
FC1=C(I)C=CC=C1Cl,-0.9850076,8.369726
IC1=CC=C(C=C1)N1CCOCC1,10.841048,8.33012
OCC1=C(Br)C=CC=C1I,6.352026,8.719981
COC(=O)C1=CC=C(OCC=C)C(I)=C1,3.5014577,8.252899
ClC1=CC=C(C2CC2)C(I)=C1,7.69583,9.920308
IC1=CC=C(OC2CCCC2)C=C1,10.378417,7.7830505
COC(=O)C1=C(I)C(=CC=C1)N(=O)=O,2.0453994,1.0203807
COC(=O)C1=C(I)C=CC(F)=C1C,8.183884,9.103861
NC1=C(F)C(F)=C(Br)C=C1I,2.963855,8.338221
CC(C)C1=CC(I)=CC(C(C)C)=C1O,9.88156,7.4515142
NC1=C(I)C=C(Br)C(=C1)C(F)(F)F,2.7932296,8.4522705
CC(C)C1=C(I)C=C(Cl)C=C1,7.133264,10.021313
OC(C1=CC=C(I)C(F)=C1)(C(F)(F)F)C(F)(F)F,-0.5910731,8.023949
ClC1=CC(Cl)=C(I)C=C1,-0.8405479,2.5894632
CC(C)(C)C1=C(N)C=CC(I)=C1,11.009201,8.616106
COC1=C(I)C=CC=C1C(=O)OC(C)(C)C,3.62238,5.4445095
COC(=O)C1=C(I)C=CC(OC)=C1,4.8327036,3.7160344
CC1=C(I)C=C(F)C(Br)=C1,5.9791417,9.181074
OC(=O)CC1=CC(I)=C(OC2=CC=C(O)C=C2)C(I)=C1,5.7018037,6.2497406
CC1=C(I)C=C(Cl)C=C1N,6.1114564,11.757475
NCC1(CCCC1)C1=CC=C(I)C=C1,10.389663,5.6840663
COC(=O)C1=C(OC)C=C(C)C(I)=C1,4.3800416,4.744331
NC1=C(I)C=C(I)C=C1,3.694164,9.018664
IC1=CC=CC=C1C1=CC=CC=C1I,7.1335716,9.071759
OC1=CC=C(I)C2=CC=CC=C12,4.475866,10.811228
COC(=O)C1=C(I)C=CC(F)=C1,4.3120437,2.830685
COC1=CC=C(I)C(C(O)=O)=C1OC,5.333901,3.4683247
COC(=O)C1=CC=C(OC)C(I)=C1,2.5494385,8.671551
ClC1=C(I)C=CC(Br)=C1,-1.4758269,1.9042234
FC1=CC(F)=C(Cl)C=C1I,-1.3935349,7.9077735
IC1=CC=C(OCC2CC2)C=C1,11.059877,7.7491446
COC(=O)C1=C(I)C=C(N)C=C1,11.230484,7.4878173
CC1=C(C)C=C(I)C(Br)=C1,-1.9170029,2.6625483
COC1=C(I)C=C(N)C=C1I,4.3496623,6.859732
COC(=O)C1=C(Cl)C(O)=C(I)C=C1,2.0778055,5.9052706
CCCCOC1=CC=C(I)C=C1,10.650632,7.7434764
CN(C(=O)C1=C(I)C=CC=C1)C1=CC=CC=C1,7.4551754,8.164999
CC1=C(O)C=CC(I)=C1,12.054925,8.118868
IC1=CC=C(OCCN2CCCC2)C=C1,9.504387,7.3825555
NC1=CC=C(C(O)=O)C(I)=C1,11.813516,7.537302
OC(C(O)=O)C1=C(I)C=CC=C1,7.5764537,10.202247
FC1=C(Br)C=CC(I)=C1F,-0.74651796,7.343267
COC(=O)C1=CC(I)=C(O)C=C1,1.9645,9.182705
CC1=CC(=C(I)C(Br)=C1)N(=O)=O,0.8507113,0.7760403
CON(C)C(=O)C1=C(I)C=CC(Br)=C1,6.800712,8.163806
CC1=C(CO)C=C(I)C(Cl)=C1,-1.3607563,2.8457172
NC1=C(N)C=C(I)C=C1,12.283756,8.980719
COC1=CC2=CC=CC=C2C=C1I,2.8769314,5.9834886
ClC1=CC(Br)=C(I)C=C1,-1.5378133,1.5068656
BrCC1=C(I)C=CC=C1,6.380201,9.184921
OC(=O)C1=C(Br)C=CC(I)=C1F,-0.47875807,6.6931047
COC1=C(C)C=C(I)C=C1,11.760071,8.060537
NC(=O)C1=C(Cl)C=CC=C1I,8.664351,9.24179
CC(C)(C)OC(=O)N(C(=O)OC(C)(C)C)C1=CC=CC=C1I,6.7960505,6.996995
COCOC1=C(I)C=CC=C1F,2.0943816,9.078991
COC1=C(Br)C=CC=C1I,5.0904956,8.823541
FC1=C(I)C=CC(CBr)=C1,-0.6241553,7.6111293
FC1=CC(Cl)=C(F)C=C1I,-1.3622814,8.197053
OC1=C(Br)C=CC(I)=C1F,-0.5180615,7.456351
OC1=CC=C(I)C=C1,12.378136,7.6922064
FC1=CC(=CC(F)=C1I)C#N,-0.032683257,7.187958
FC1=C(I)C=CC(Br)=C1Cl,-0.46689653,7.0740776
COC1=C(NCC(O)=O)C=C(I)C(Cl)=C1,-1.6668972,3.6805892
IC1=CC=C(OC2CCN(CC2)C2CCC2)C=C1,7.989187,6.68582
BrC1=CC(Br)=C(I)C=C1,-1.8024585,1.0728389
CC1=CC(I)=CC(C)=C1O,11.949425,8.254535
CC1=C(Br)C=C(Cl)C(I)=C1,-1.5891505,1.896894
FC1=C(I)C=C(CBr)C=C1,-0.5635423,7.563573
CN(C(=O)C1=C(I)C=CC=C1)C1=CC=C(C)C=C1,7.348453,7.7125006
OCC1=CC(=CC=C1I)C(F)(F)F,8.045352,10.299473
OC(=O)C1=CC(Cl)=C(I)C(Cl)=C1,-1.397185,0.14224423
CC(C)(C)OC(=O)NC1=CC=C(I)C=C1,9.782395,7.278448
FC1=C2C=CC=CC2=CC=C1I,0.40103522,9.696664
COC1=C(N)C=C(I)C=C1,12.605614,8.403365
IC1=CC=C(OCCCN2CCOCC2)C=C1,8.526429,6.6050487
CC1=C(NC(=O)OC(C)(C)C)C=CC(I)=C1,9.284,7.16645
CCN(CC)C(=O)C1=CC(OCC(F)(F)F)=C(I)C=C1,5.4596243,7.2261305
OC(=O)C1=C(F)C(F)=C(F)C(F)=C1I,-1.2480806,7.452791
COC1=C(N)C=CC(I)=C1,11.832396,8.751884
NC1=C(O)C=C(I)C=C1,12.277171,8.561246
BrCC1=C(I)C(=CC=C1)N(=O)=O,2.0602024,1.505493
COC(=O)C1=C(I)C=CC(C)=C1,4.7450285,3.466619
COC1=CC=CC(I)=C1Br,-2.229508,2.9313984
FC1=C(Br)C(Br)=CC=C1I,-0.2158038,6.946986
COC(=O)COC1=CC=C(I)C=C1,10.9404745,7.407207
CC1=CC=C(Cl)C(I)=C1,-1.1287167,3.1181686
COC(=O)C1=C(I)C=CC=C1C,8.431623,9.51625
CC(C)(C)OC(=O)NCCCC(=O)NC1=CC=C(I)C=C1,7.57183,6.3628716
NNC(=O)CNC1=CC=C(I)C=C1,10.850193,8.352301
FC1=C(I)C=CC=C1Br,-0.29842767,7.1956496
OC(=O)C1=CC=CC=C1I,4.278686,2.6182504
FC1=CC(CBr)=C(I)C=C1,5.770025,8.778181
OC(=O)CC1=CC=C(Br)C=C1I,6.304783,8.613968
IC1=CC=C(OC2CCOCC2)C=C1,10.24457,7.4090643
CN(C)C(=O)C1=C(I)C=CC=C1,7.8546095,9.205556
FC1=CC=CC(=C1I)N(=O)=O,0.7994939,4.8517833
NC1=C(I)C=C(Br)C=C1F,2.8939388,8.375824
FC(F)(F)C1=C(Br)C(I)=CC=C1,-1.156853,1.1453888
OC(=O)CCCOC1=CC=C(I)C=C1,10.225834,7.375112
IC1=CC=C(OCC2=CC=CN=C2)C=C1,10.326337,7.077415
CC(=O)NC1=CC=C(I)C=C1,11.485537,7.6131387
CC1=CC=C(C=C1I)C(N)=N,7.5485687,10.69361
COC(=O)C1=C(C)C(I)=CC(Br)=C1,4.3978386,4.0741515
CC(OC1=CC=C(I)C=C1)C(C)=O,10.599133,6.392364
CC1=CC=CC(I)=C1C(O)=O,8.322353,9.544052
IC1=CC=C(NC(=O)NCC2=CC=CC=C2)C=C1,8.966189,6.8924155
CC1=C(I)C=C(CBr)C=C1,6.2316127,9.27386
OC(=O)C1=CC=C(O)C(I)=C1,1.7006947,9.022503
CCCCCCCCOC1=CC=C(I)C=C1,8.345531,6.63271
FC1=C(I)C=CC(=C1)C(F)(F)F,-1.31487,8.012001
CC1=CC=C(OCC2=CC=CC=C2)C=C1I,7.697402,8.083802
OC(=O)C1(CC1)C(=O)NC1=CC=C(I)C=C1,9.918614,7.0140877
OCC1=C(I)C(=CC=C1)N(=O)=O,2.2021978,1.856179
NC1=CC(I)=CC=C1O,12.502965,8.567426
NC1=C(I)C=C(Br)C=C1I,3.2687855,7.3383117
IC1=CC=C(OCC(=O)NC2CCCC2)C=C1,9.261979,6.5580683
CC(C)NC(=O)C1=CC=CC=C1I,7.8062496,8.940121
COCCOC1=CC=C(I)C=C1,10.77645,7.7149186
COC1=C(I)C=C(C=C1)C(O)=O,2.0205505,8.904384
NC1=C(F)C=C(I)C=C1,12.222027,8.33571
OCCCOC1=CC=C(I)C=C1,10.953918,7.7605376
COC1=C(I)C=C(C(O)=O)C(F)=C1,1.7290287,8.56677
COC1=CC=C(C(O)=O)C(I)=C1,4.6827073,2.720909
COC1=C(I)C=C(F)C=C1F,1.4566882,8.941024
IC1=CC=C(OCCN2CCCC2=O)C=C1,9.729509,7.1762486
NC1=C(C(O)=O)C(I)=CC=C1,5.4739933,2.9401972
OC(=O)C1=CC=CC(=C1I)N(=O)=O,2.2912347,0.75814086
FC1=CC(I)=C(F)C=C1Br,-0.99307084,7.509385
COC(=O)C1=CC=C(OC)C=C1I,9.857856,8.222663
CC(C)(C)OC(=O)C1=C(I)C=CC=C1,7.6728053,8.665557
NC1=C(N)C=C(I)C(I)=C1,-1.7662092,3.2691994
NC1=CC(I)=C(Cl)C=C1,-2.1176841,3.6605399
OC(=O)C1=C(I)C=CC(F)=C1,4.224245,2.3366423
NC(=O)C1=C(I)C=CC=C1,8.650769,9.750818
FC(F)(F)OC1=CC(Cl)=C(I)C=C1,-1.2790841,2.5965078
CC(N)C1=CC=C(I)C=C1,12.932752,5.745477
CC1=C(I)C=C(C=C1)C(F)(F)F,8.025113,10.143731
COC(=O)C1=C(I)C=CC=C1O,4.984953,2.7965949
FC1=C(I)C=CC(I)=C1F,-0.87439835,7.4554424
COC1=C(O)C(I)=CC(\C=C\C(O)=O)=C1,2.8910391,5.3288727
FC(F)(F)OC1=CC(Br)=C(I)C=C1,-1.6911982,1.356836
CC(=O)C1=C(N)C(I)=CC(Br)=C1,3.2938538,6.0483255
COC(=O)C1=CC=C(NC(=O)C(F)(F)F)C(I)=C1,3.834792,5.5818057
ClC1=CC(Cl)=C(COC2=CC=C(I)C=C2)C=C1,9.315043,6.487705
CC(C)(C)NC(=O)C1=CC(OCC(F)(F)F)=C(I)C=C1,5.623544,7.109495
CC1=CC(O)=C(C=C1I)C(O)=O,4.208165,4.792004
IC1=CC=C(NC(=O)OCC2=CC=CC=C2)C=C1,9.179521,6.7525077
CC(OC1=CC=C(I)C=C1)C(O)=O,10.942738,7.194044
CCOC(=O)CC1=C(I)C=CC=C1,7.3326316,9.729219
CN(C)C1=CC=C(C=C1)\N=N\C1=CC=C(I)C=C1,7.2129426,4.4087806
OC(=O)COC1=CC=C(I)C=C1,11.595571,7.0432405
COC1=C(OC)C=C(I)C=C1,11.677585,7.7422833
CCOC(=O)C1=CC(OCC)=C(I)C=C1,2.9173179,5.736728
CC(C)C1=CC=C(I)C=C1,13.006612,5.4855995
IC1=C(C=CC=C1)C(=O)N1CCOCC1,7.1629634,8.503851
NC1=C(NC(=O)C2=CC=CC=C2I)C=CC=C1,7.0087767,6.054484
CC1=C(F)C=C(F)C=C1I,8.318252,10.824114
FC1=CC=C(Cl)C=C1I,-1.3687841,8.396423
CCC[C@H]1CC[C@@H](CC1)C1=CC=C(I)C=C1,8.576566,5.886393
COC1=C(I)C=C(C=C1I)C(F)(F)F,2.663514,6.7781434
CC1=CC=CC(I)=C1C=O,2.983173,3.1878407
CC1=CC(F)=C(Br)C=C1I,5.8691053,9.032036
CCCCCC1CCC(CC1)C1=CC=C(I)C=C1,7.954711,6.0347543
COC1=C(Cl)C=C(Br)C=C1I,2.514022,7.44533
C[C@H](O)C1=CC=C(I)C=C1,12.367394,5.3084416
CCCCCC1=CC=C(I)C=C1,10.826455,5.6234097
CC(C)(C)OC(=O)N1CCN(CC1)C(=O)C1=CC=CC=C1I,6.8651876,6.7554827
NCCC1=CC=C(I)C=C1,12.917738,5.950276
CC1=CC=C(I)C=C1,13.201179,5.5789075
CC1=C(I)C=C(Cl)C=C1,7.8131557,10.468983
BrCC1=C(Br)C(I)=CC=C1,-2.0022302,1.277665
COC(=O)C1=CC=C(I)C(O)=C1,2.2654192,6.29383
CCCCC1=CC=C(I)C=C1,11.367443,5.463036
IC1=CC=C(CN2CCOCC2)C=C1,10.171702,7.5333495
CCCCCCC1=CC=C(I)C=C1,10.003732,5.746765
IC1=CC=C(C=C1)N1CCCCC1=O,10.216023,6.7352743
CC(C)(C)OC(=O)NCC1=CC=CC=C1I,7.365243,8.597873
ClC1=CC=CC(I)=C1Br,-1.3889704,1.2500602
CC(C)S(=O)(=O)N[C@@H]1CCOC[C@H]1C1=CC=C(I)C=C1,8.066935,6.0914025
CCCC1=CC=C(I)C=C1,12.114422,5.521847
FC1=CC=CC(C=O)=C1I,1.1953725,5.634713
CC1=CC(I)=C(Br)C=C1F,-1.9480711,2.0484276
CC(C)(C)OC(=O)N1C[C@H](C[C@H]1C(O)=O)OC1=CC=C(I)C=C1,7.5623026,6.5469384
COC1=CC(C=O)=C(I)C=C1,3.2104156,4.0571227
COC1=CC=C(C=C1)N(C1=CC=C(I)C=C1)C1=CC=C(OC)C=C1,8.367341,6.8340387
CC(=O)NC1=CC(I)=C(C)C=C1,6.5210557,11.446071
OCC1=C(I)C=C(C=C1)C(F)(F)F,8.008235,10.395335
COC(=O)C1=CC(OCC2CC2)=C(I)C=C1,3.0152836,5.7370043
CC1=CC(F)=C(I)C=C1C(O)=O,-0.8426585,8.176511
IC1=CC=C(OC=C)C=C1,13.242416,6.330054
OC[C@H]1CN(C(=O)O1)C1=CC=C(I)C=C1,9.833971,7.0353746
COC(=O)C1=C(F)C(I)=CC=C1F,-0.45896208,7.412496
IC1=CC=C(CC(=O)N2CCCCC2)C=C1,9.339481,5.733561
CC(C)(C)C1=CC(I)=C(Br)C=C1,-1.5028852,2.301313
COC(=O)C1=CC=C(I)C(OC)=C1,2.4530447,5.865711
IC1=CC=C(OCC2=CC=NC=C2)C=C1,10.373001,6.918014
COC(=O)C1=CC(I)=C(O)C(I)=C1,2.9423966,6.80177
CN(C(=O)OC(C)(C)C)C1=CC=C(I)C=C1,9.698209,6.503067
CC(C)(C)C1=CC(I)=CC=C1O,11.268021,7.850737
OCC1=CC(I)=C(C=C1)C(F)(F)F,8.6117525,8.901851
CC1=CC=C(Br)C(I)=C1,-1.7052814,2.458481
COC(=O)C1=C(Br)C(I)=CC=C1,-1.3936591,1.2780442
ClC1=C(I)C=CC=C1Br,-1.3245412,1.7084129
CCCCCCCC1=CC=C(I)C=C1,9.392693,5.681286
CC1=CC(I)=CC(C)=C1C,12.289015,5.62138
IC1=CC=C(CN2CCCCC2)C=C1,10.124413,6.931283
IC1=CC=C(C=C1)C1CCCCC1,10.129239,5.6274004
CN(C)C1=CC=C(C=C1)C1=CC=C(I)C=C1,9.586944,7.4747405
IC1=CC=C(CC#C)C=C1,13.45094,5.178928
NC1=C(Cl)C=C(I)C=C1,12.19646,8.006458
CC1=CC(I)=C(C=C1C)C(O)=O,4.451704,3.2562025
FC1=CC(F)=C(Br)C=C1I,-0.7851482,7.1581016
OCC1=C(O)C=CC(I)=C1,12.006894,8.004575
CCC1=CC=C(I)C=C1,13.249851,5.692434
FC1=CC=CC(I)=C1Cl,-0.5723789,2.7980223
CC(C)(C)C1=CC=C(I)C=C1,11.600519,5.61341
CCC1=CC=C(I)C=C1CO,12.100227,5.4880743
COC1=CC(I)=C(I)C=C1OC,-1.1571627,2.5020702
OCC1=C(I)C=C(Cl)C=C1,7.7714343,10.422246
CC(C)(C)OC(=O)NC1=C(N)C=C(I)C=C1,9.912671,6.973804
COC1=C(I)C(=CC=C1)C#N,1.3382607,5.027374
N[C@H](CC1=CC=C(I)C=C1)C(O)=O,11.176585,5.0050826
FC(F)(F)OC1=CC=CC=C1I,1.3589149,8.176319
CC1=C(C)C=C(I)C=C1,12.608962,5.5631876
NC(CC1=CC=C(I)C=C1)C(O)=O,11.431743,5.259333
OC1=C(I)C=C(C=C1I)C(F)(F)F,2.869082,6.9153066
CC1=C(N)C=C(I)C=C1,12.67154,7.706195
COC(=O)C1=CC(I)=C(Cl)C=C1N,1.2841458,2.9897335
NC1(CC1)C1=CC=C(I)C=C1,12.437548,5.8806815
CC(C)CC1=CC=C(I)C=C1,11.485867,5.5168777
COC(=O)C1=C(N)C=C(C(I)=C1)C(F)(F)F,4.73756,4.251918
CC1=CC(Br)=CC(I)=C1F,-0.12876804,7.5034657
OC1=C(Br)C(I)=CC=C1,-2.32779,2.359945
COC1=C(O)C=C(I)C=C1,12.17246,8.083771
IC1=CC=C(CC(=O)N2CCCC2)C=C1,9.810269,5.391689
FC1=C(I)C=C(Br)C=C1,-0.72110784,7.488433
[H][C@@](CC1=CC=C(I)C=C1)(NC(=O)OCC1=CC=CC=C1)C(O)=O,7.5499935,6.159852
FC1=C(F)C(I)=C(F)C(I)=C1F,0.15605623,7.1090417
CC(=O)OC1=CC=C(I)C=C1,12.869028,5.000823
CC1=CC(I)=C(N)C(=C1)N(=O)=O,2.4863138,4.4243493
CC(C)(C)C1=CC(I)=C(Cl)C=C1,-1.2076529,2.7286649
FC1=CC=CC(C#N)=C1I,0.6862429,5.279209
COC1=C(I)C=C(C=C1)C(C)=O,2.125702,5.728479
ClC1=CC(Cl)=C(I)C(=C1)N(=O)=O,1.0964581,0.68233246
CC1=C(C=C(Cl)C=C1I)C(O)=O,4.042478,3.78479
IC1=CC=C(OC2=CC=CC=C2)C=C1,10.587532,7.197481
OC(=O)C1=C(F)C(I)=CC=C1F,-0.050793886,6.452864
OC1=CC(I)=C(Cl)C=C1,-1.5476164,3.1760817
ClC1=CC(CBr)=C(I)C=C1,5.906879,8.592235
CC1=C(I)C=C(Br)C=C1,6.1438694,9.261908
COC(=O)C1=C(I)C=C(C)C=C1,4.899679,3.276806
COC(=O)[C@@H](CC1=CC=C(I)C=C1)NC(=O)OC(C)(C)C,7.7663503,6.0975146
CC(C)(C)[Si](C)(C)OCC1=CC=C(I)C=C1,8.614225,5.795393
OCC1=CC=C(I)C=C1,13.566188,5.4394393
OC(=O)CCCC1=CC=C(I)C=C1,10.702693,5.3920236
COC1(CCOCC1)C1=CC=C(I)C=C1,9.966337,5.3399353
NCC1=CC=C(I)C=C1,13.314829,5.793671
COC(=O)C1(CC1)C1=CC=C(I)C=C1,10.146078,5.112062
FC(F)(F)C1=CC=C(I)C(Br)=C1,-1.4131591,1.0420368
FC(F)(F)COC1=CC=C(I)C=C1,11.297218,6.6488047
OCCC1=CC=C(I)C=C1,12.740154,5.589456
COC(=O)C1=CC=C(F)C=C1I,4.7310004,2.4720454
CC1=C(NC(=O)CCl)C=CC(I)=C1,10.411709,6.6801896
COC1=CC=C(C=C1I)C#N,1.9236021,8.976036
IC1=CC2=C(C=CC=C2)C2=C1C=CC=C2,4.4494734,5.1519217
CCN(CC)CC1=CC=C(I)C=C1,10.270727,7.2115145
ClC1=C(Cl)C(I)=CC=C1,-0.6796466,2.372691
COC1=CC=C(I)C(C(O)=O)=C1F,9.098064,8.319513
CC1=C(I)C=C(C=C1)C(=O)NC1CC1,5.410808,5.2649426
OC1=C(I)C=C(I)C=C1,2.6210158,7.742871
FC1=CC(I)=C(Cl)C=C1,-0.8812154,2.7204366
IC1=CC=CC=C1CN1C=NC=N1,7.806581,9.440727
COC1=CC(I)=C(C=O)C=C1OC,3.8512967,3.2273042
FC1=C(F)C(F)=C(I)C(I)=C1F,-1.5686581,5.4151697
NC(=O)C1=CC(F)=C(I)C=C1,0.5911676,5.968075
NC1=CC=C(C=C1)C1=CC=C(I)C=C1,10.157125,7.457062
FC(F)(F)C1=CC(CBr)=CC=C1I,6.7324142,7.887873
COC(=O)C1=C(N)C=CC=C1I,5.632705,3.1977093
CC(C)(C)OC(=O)NC1=C(I)C=C(C=C1)N(=O)=O,2.698313,4.180398
OC1=C(I)C=C(Br)C(=C1)C(F)(F)F,1.9192369,7.7596846
COC(=O)C1=CC=CC=C1I,4.440595,2.945528
CC(C)(C)OC(=O)N1CC(C1)OC1=CC=C(I)C=C1,7.9326277,6.5495024
IC1=CC=C(CC(=O)N2CCOCC2)C=C1,9.625339,5.790755
OC(=O)C1=C(I)C=C(F)C=C1,4.7991824,2.3555028
COC1=CC(O)=C(C=O)C=C1I,2.187101,5.358193
CC(=O)CC1=CC=C(I)C=C1,7.4006405,2.5398004
COS(=O)(=O)C1=CC=CC=C1I,-0.05904532,2.7825065
OC(=O)CCC1=NN=C(O1)C1=CC=CC=C1I,4.9297824,3.3953555
COC(=O)C1=CC(I)=C(F)C=C1C,-0.3456101,8.425765
COCC1=CC=C(I)C=C1,12.433413,5.2716513
CC1=CC(I)=CC=C1F,13.695052,5.3308926
ClC1=CC=C(COC2=CC=C(I)C=C2)C=C1,9.638021,6.6235275
ClC1=C(CBr)C(I)=CC=C1,6.238556,8.51771
COC1=C(O)C=CC(I)=C1,12.097818,8.383048
CC(=O)CC(=O)NC1=CC=C(I)C=C1,10.234536,7.097975
IC1=C(C=CC=C1)C(=O)NC1=CC=CC=C1,6.503308,5.952016
COC(=O)C1=CC(I)=C(C)C=C1C,4.3734865,4.624569
COC(=O)C1=C(F)C(I)=CC=C1,0.82675755,5.807651
IC1=CC=C(OCC#N)C=C1,12.246133,6.556777
OC1=C(Cl)C=C(Br)C(I)=C1,-2.0849426,2.0800593
COC1=CC=NC(OC2=CC=C(I)C=C2)=N1,9.733447,5.5160813
OCC1=CC(I)=C(Br)C=C1,-1.8443965,2.2795253
CC(=O)C1=C(I)C=CC(F)=C1,4.124103,3.3201175
FC(F)(F)C1=CC=C(I)C(Cl)=C1,-0.672278,2.2299092
CC1=CC=C(I)C=C1CO,12.928074,5.435315
IC1=CC=C(C=C1)N(C1=CC=CC=C1)C1=CC=CC=C1,8.997717,7.1593647
CC1=C(I)C=CC(=C1)C(=O)OC(C)(C)C,5.8848042,4.348573
CSC1=CC=C(I)C=C1,12.648386,7.340737
COC(=O)C1=C(I)C=CC(Cl)=C1,4.2269974,2.364039
FC1=CC(C=O)=CC(F)=C1I,0.3371286,6.5022545
OC(=O)CCCCCC1=CC=C(I)C=C1,9.024227,5.909058
CC(=O)CCC1=CC=C(I)C=C1,7.2604394,2.6824956
OC1=CC(I)=C(Br)C=C1,-2.0740492,2.778152
CC(O)C1=CC=C(I)C=C1,13.08942,5.3444204
NC(=O)C1=C(I)C=CC(Br)=C1F,7.1635723,8.286483
NC1=CC(I)=C(Br)C=C1,-2.1631455,3.3295448
CCOC(=O)C1=C(I)C=CC(C)=C1,5.0835114,3.8090274
CC(C)(C)OC(=O)NC(CC1=CC(I)=CC=C1F)C(O)=O,7.89075,6.3385997
OC(=O)CCCCC1=CC=C(I)C=C1,10.208057,5.5905805
FC(F)(F)C1=CC(=C(I)C=C1)C(F)(F)F,7.926503,8.274477
NC(=O)NC1=C(F)C=C(I)C=C1,11.853764,7.6779385
[H][C@@](CC1=CC(I)=C(O)C(I)=C1)(NC(C)=O)C(O)=O,4.5107403,7.022083
FC1=CC=C(I)C2=C1C=CC=C2,3.8545744,5.1536374
COC1=C(Cl)C=C(I)C=C1,11.870276,7.2076993
COC1=C(Cl)C=C(Cl)C(I)=C1,-1.0082949,2.380983
NC1=CC(=C(I)C=C1)N(=O)=O,2.1834586,2.7475913
CC1CC(C)(C)OB(O1)C1=CC=C(I)C=C1,9.251173,5.5246296
CC1=CC(I)=CC(C)=C1F,13.299387,5.7207327
CC1=CC(C)=C(I)C=C1C(O)=O,3.9814925,4.5577
CCOP(=O)(CC1=CC=C(I)C=C1)OCC,8.901865,5.5676856
OCC1=C(Cl)C=CC(I)=C1,12.942235,4.4603744
OC(=O)C1=C(Br)C(I)=CC=C1,-1.070991,1.5046524
CC1=C(O)C=C(I)C=C1,13.144042,6.614559
ClCC(=O)NC1=CC=C(I)C=C1,10.872325,6.593796
FC1=CC=CC(F)=C1OC1=CC=C(I)C=C1,10.405982,6.607629
FC1=CC(I)=CC=C1NC(=O)NC1CC1,9.741706,7.043162
COP(=S)(OC)OC1=CC(Cl)=C(I)C=C1Cl,-1.1316334,1.9891313
CC(C)(C)OC(=O)N(C(=O)OC(C)(C)C)C1=C(I)C=C(Br)C=C1,6.5847096,6.5899444
NC1=C(C=C(I)C=C1)C(F)(F)F,11.820104,8.025194
OC(=O)C1=CC=C(I)C(O)=C1,2.1029186,6.593455
COC1=C(C=C(I)C(Cl)=C1)C(O)=O,0.56263703,2.0060804
COC(=O)CCC1=CC=C(I)C=C1,10.914938,5.4582286
IC1=CC=C(C=C1)C1=NNC=C1,11.493456,7.2968307
COC(=O)C1=C(CBr)C(I)=CC=C1,4.0363603,3.6692412
COC1=C(F)C=C(I)C=C1,12.1444025,7.2844133
CC1=NOC(=N1)C1=C(I)C=CC=C1,4.218568,2.4132378
CC1=CC(I)=CC(C)=C1,12.876021,5.1616025
CCOC(=O)CC1=CC=C(I)C=C1,10.843163,5.2169156
COC1=C(I)C(=CC(C=O)=C1)N(=O)=O,1.4959927,3.6558335
COC(=O)C1=CC(I)=C(F)C=C1,-0.9528289,8.120204
OC1=C(C=O)C=C(OC(F)(F)F)C=C1I,2.015467,5.0685825
NC1=CC(Cl)=C(I)C=C1C(O)=O,0.9543304,2.9157965
NC(C(O)=O)C1=CC=C(I)C=C1,11.736969,4.807376
OCC1=C(I)C=C(Br)C=C1,6.142948,9.027721
CC1=CC=CC(I)=C1,13.543145,5.1153517
CCOC(=O)[C@H](CC1=CC=C(I)C=C1)NC(=O)OC(C)(C)C,7.7532554,5.958863
CC1=CC=C(C(O)=O)C(I)=C1,4.3772035,2.809455
CCOC(=O)C1=CC=CC=C1I,4.658862,3.0466676
OC1=C(F)C=C(I)C=C1,13.039002,6.4352207
COC(=O)C1=CC(C)=C(I)C=C1,7.876714,10.142507
OC1=C(I)C=C(C=C1I)C#N,2.450644,6.890606
BrC1=C(I)C(=CC=C1)C#N,-1.2564148,1.0005006
OC1=CC=C(C=C1I)C1=CC=C(C=C1)C#N,2.822019,4.920861
FC1=CC=CC(I)=C1Br,-1.2516098,1.8008306
IC1=CC=CC=C1I,-0.71142226,1.8034027
NS(=O)(=O)C1=CC=CC=C1I,-0.14431678,2.9445899
COC(=O)C1=C(I)C=CC=C1OC,9.388793,8.36145
CC(C)(C)OC(=O)N[C@@H](CC1=CC=C(I)C=C1)C(O)=O,8.162745,5.9681273
NC1=C(OC(F)(F)F)C=C(I)C=C1,11.571991,8.180347
OC(=O)C1=CC(Cl)=CC=C1I,4.3356543,1.9393845
COC1=CC=C(OC2=C(I)C=C(C=C2I)C(O)=O)C=C1,6.065023,5.4968743
OC(=O)CC1=CC=C(I)C=C1,13.10106,4.8280354
CC(C)(C)OC(=O)N[C@H](CC1=CC=C(I)C=C1)C(O)=O,8.23266,5.9825106
COC(=O)C1=C(I)C=CC(Br)=C1,4.375154,2.4942808
IC1=CC=CC2=C1C=CC=C2,3.8445268,4.922542
CC1=CC(N)=CC(I)=C1,12.765467,7.8457613
OC(C1=CC=CC=C1)C1=CC=C(I)C=C1,10.429046,5.5253263
CC(C)(C)OC(=O)C1=C(I)C=CC(Br)=C1,4.8911963,3.296658
SCC1=CC=C(I)C=C1,13.7077265,5.127366
OC(=O)CCC1=CC=C(I)C=C1,11.646421,5.4809136
FC1=CC=C(I)C=C1,14.011013,4.674847
OC(=O)C1(CC1)C1=CC=C(I)C=C1,11.597946,4.784475
OC1=C(C=O)C(I)=CC=C1,2.8163507,3.1331685
N[C@@H](CC(O)=O)CC1=CC=C(I)C=C1,10.456925,5.084866
COC(=O)C1=CC(Br)=C(F)C=C1I,4.28736,2.2477958
COC(=O)[C@H](CC1=CC=C(I)C=C1)NC(=O)OC(C)(C)C,7.979228,6.023435
CC(C)(C)OC(=O)NC1=CC=C(I)C=C1F,9.547215,6.9308767
CC(=O)C1=C(F)C(I)=CC=C1F,0.693443,5.675499
COC(=O)C1=C(I)C=CC=C1F,8.774211,9.054147
COC1=C(I)C=C(C=C1I)C#N,3.0206087,6.244757
NC1=C(F)C=CC(I)=C1,13.141371,7.313931
CC(C)S(=O)(=O)N[C@H]1CCOC[C@@H]1C1=CC=C(I)C=C1,8.095444,6.1516104
OC1=CC=C(OC2=CC=C(I)C=C2)C=C1,10.08204,7.312402
IC1=CC=C(C=C1)N1CCC(=O)NC1=O,10.43409,5.921506
CC1=CC(=CC(I)=C1N)N(=O)=O,2.247658,4.2089067
CC(=O)NC(CC1=CC=C(I)C=C1)C(O)=O,10.090917,4.98677
OC(=O)C1=C(I)C=C(F)C(F)=C1,4.421835,1.8468533
CCC1=C(I)C=C(C=C1)C(=O)OC,4.229887,4.505305
OC1=C(Cl)C=C(I)C=C1,13.047078,5.8626313
CC1=C(Cl)C=C(I)C(O)=C1I,3.0766478,6.883181
NC1=CC=CC(I)=C1,12.98324,7.64824
CC(C)NC(=O)CC1=CC=C(I)C=C1,9.8048,5.042265
NC1=CC(I)=CC(CO)=C1,12.698689,7.524066
BrCC1=C(I)C=CC(Br)=C1,6.061485,8.353612
OC1=C(I)C=C(C=C1)N(=O)=O,1.4597648,4.3359733
IC1=CC=C(C=C1)N1C=CC=C1,12.60282,6.4691753
CC(C)(C)OC(=O)NC1=CC=C(I)C=C1Cl,9.103056,6.4527397
FC(F)OC1=CC=C(I)C=C1,13.02819,5.704595
IC1=CC=CC=C1[N+]#[C-],9.012919,8.794749
OC1=CC=C(C=C1)C1=CC=C(I)C=C1,10.453084,7.184101
BrCC(=O)C1=C(I)C=CC=C1,3.8178885,2.7411187
CCOC(=O)C1=CC(I)=C(C)C=C1,4.1601367,4.5256524
CC(=O)NC1=C(Cl)C=C(I)C=C1,11.468408,6.616581
COC1=C(NC(=O)OC(C)(C)C)C=C(I)C=C1,9.345463,6.938974
IC1=CC=C(NC2=CC=C(I)C=C2)C=C1,9.738924,6.576151
CC(=O)NC1=C(F)C=C(I)C=C1,11.6263685,6.474124
COC1=CC(=CC=C1I)C(O)=O,2.0852036,5.9742436
COC1=C(C)C=CC(I)=C1,12.199716,6.432084
OC(=O)C(=O)CC1=CC(I)=C(O)C(I)=C1,2.8519392,5.3331666
IC1=CC=CC(CN2CCCC2)=C1,10.791477,6.771363
CCN(CC)CC1=CC(I)=CC=C1,10.416801,7.3272314
OC1=CC=CC2=C1C=CC=C2I,3.8105304,5.161374
CCNC(=O)C1=CC(Br)=CC=C1I,6.644764,8.3188715
COC1=CC(I)=CC=C1CO,12.320604,6.1639085
CC1=C(Br)C=C(I)C(Br)=C1,-1.9358507,1.2923484
OC(=O)C1=C(NC(=O)C2=C(I)C=CC=C2)C=CC=C1,5.5066514,4.7198033
COC(=O)C1=C(OC)C=C(Cl)C(I)=C1,0.4288038,2.2694764
OCC1=CC=C(I)C=C1O,12.588011,7.055685
COC1=CC(F)=C(C=O)C=C1I,1.5912294,5.4958487
NC1=C(Br)C=C(I)C=C1,11.754156,7.43932
COC(=O)C1=C(Br)C=C(C)C(I)=C1,4.09135,3.9350138
COC1=CC(I)=C(Cl)C=C1,-1.802158,3.3447125
COC(=O)C1=CC(I)=C(C)C=C1,3.6851332,4.3415685
OC(=O)C1=CC=CC(I)=C1Cl,-0.3929237,2.2902882
IC1=CC=CC(=C1)N1CCCCC1,11.313373,7.3485775
COC1=CC(I)=C(Br)C=C1,-2.3277702,2.901072
FC1=C(F)C(=CC=C1I)C(F)(F)F,-1.250964,7.934796
CC(C)(C)OC(=O)C1=C(F)C=C(F)C(I)=C1,-0.24100596,8.334596
OC(=O)C1=C(I)C=CC(I)=C1,4.6836495,2.1499257
OC(=O)C1=CC=CC(I)=C1F,0.58090425,5.4798594
CC1=CC(Br)=C(I)C=C1Cl,-1.8099449,1.6099671
ClC1=C(I)C(=CC=C1)N(=O)=O,1.159831,0.7032948
CC1=C(I)C=CC=C1C=O,3.5999026,4.032308
CC1=CC=C(I)C=C1C[C@H](N)C(O)=O,10.426635,5.4819584
CC1=CC(I)=CC=C1Cl,13.915318,4.680514
COC(=O)C1=CC(I)=C(C)C=C1F,4.008677,4.372876
OC(=O)C1=CC(I)=C(F)C=C1,-1.2487235,7.8727846
FC1=CC=C(OC2=CC=C(I)C=C2)C=C1,10.280859,6.539705
NC1=C(F)C(F)=C(F)C(F)=C1I,0.44636184,8.358125
OC(=O)C1=C(I)C=CC(Br)=C1,4.211794,2.2326915
OCC1=C(Br)C=CC(I)=C1,11.192073,2.690497
NC1=C(I)C=C(C=C1C(F)(F)F)N(=O)=O,2.275578,4.0857644
COC(=O)C1=CC(F)=C(I)C=C1,0.73871005,5.730924
CC1=C(I)C=C(C=C1)S(N)(=O)=O,8.498603,9.699284
COC1=CC=C(I)C(=C1)N(=O)=O,2.1408494,1.9002728
FC1=CC(Br)=C(I)C=C1F,-1.3842576,1.5879058
N[C@H](CF)[C@H](O)C1=CC=C(I)C=C1,11.108592,5.2801127
CC1=CC(=CC=C1I)C(O)=O,3.8744936,3.7145278
IC1=CC=C(OC2=CC=C(I)C=C2)C=C1,9.51663,5.790934
CC(C)(C)OC(=O)N[C@@H](CC1=CC(I)=CC=C1)C(O)=O,8.228362,5.8185334
OC1=C(F)C=CC(I)=C1,13.577876,5.8916583
CCOC(=O)C1=CC(F)=C(I)C=C1,1.0332638,5.841058
OCC1=CC(I)=CC=C1F,13.702743,5.3064485
CC1=CC(C)=C(I)C=C1I,6.8932896,9.166912
NC(CC1=CC=CC(I)=C1)C(O)=O,10.557163,4.9645195
COC1=C(Br)C=C(I)C=C1,11.48383,6.8058624
CC1=C(C=CC=C1I)C#N,4.033443,3.6731179
CC1(C)COB(OC1)C1=CC=C(I)C=C1,9.597436,5.3083
OB(O)C1=C(F)C(F)=C(I)C=C1,-1.2255762,8.2045965
FC1=CC(I)=C(Br)C=C1Cl,-1.341251,1.1960231
NC1=CC=C(C=C1I)N(=O)=O,2.0567505,4.1941543
CCC1=C(I)C=C(C=C1)C(O)=O,3.9451296,4.4989915
OC(=O)C1=CC(I)=C(F)C=C1Cl,0.43773896,5.828532
CCOC(=O)C1=C(I)C=CC(Br)=C1,4.4282556,2.7432349
IC1=C(C=CC=C1N(=O)=O)N(=O)=O,1.6421863,0.6665721
FC(F)C(F)(F)OC1=CC=C(I)C=C1,12.026133,5.0212817
CC1=C(Br)C=CC(I)=C1,11.238822,3.0269444
BrC1=C(C=CC=C1I)C#N,-0.85570496,1.1833414
CS(=O)(=O)NC1=CC=C(I)C=C1,11.735623,5.6936154
COC(=O)C1=CC=C(I)C(=C1)C1=CC=CC=C1,5.8403864,4.440409
NCCC1=CC(I)=CC=C1,12.710675,5.146479
FC(F)(F)COC1=CC(=CC=C1I)C(=O)N1CCOCC1,5.1898584,7.388936
IC1=CC=C(C=C1)N1C=CC=N1,11.896394,6.241762
CC(C)OC1=CC=C(I)C=C1Br,10.790988,6.573806
COC(=O)CC1=CC=C(I)C=C1,11.627044,5.0244303
CC1=C(C=CC(I)=C1)C1=C(C)C=C(I)C=C1,9.002235,5.1550293
FC(F)(F)OC1=C(I)C=C(Br)C=C1,1.7766131,6.973929
CC1=CC=C(I)C=C1F,13.6364,4.985925
NC1=C(I)C=C(C=C1I)N(=O)=O,2.1105518,4.076541
IC1=CC=C(C=C1)C1=CN2C=CSC2=N1,9.772176,7.1692157
CCC1=C(Br)C=CC(I)=C1,11.057986,2.9423506
OC1=CC(I)=CC=C1,13.224725,6.6031203
CC(C)(C)OC(=O)NCC1=CC=CC(I)=C1,8.888885,5.568169
COC1=CC=C(C=C1)C(=O)NC1=CC=C(I)C=C1,6.979349,4.4372272
IC1=CC=CC(CNC2CC2)=C1,11.191351,5.9297543
COC(=O)C1=C(OC)C(I)=CC(Br)=C1,3.5212514,4.7960954
CN(C)C1=C(Br)C=C(I)C=C1,10.678962,6.9634285
CCOC(=O)C1=CC2=CC=CC=C2C=C1I,5.4170647,4.0101466
ClC1=CC(I)=C(Cl)C=C1,-0.8617722,2.4485266
ClC1=CC(Cl)=C(I)C=C1Cl,-0.95294565,1.8068136
COC1=CC(I)=C(F)C=C1C,0.27116767,9.969558
FC1=CC(I)=C(Br)C=C1,-1.5543389,1.944808
IC1=C(OCC2=CC=CC=C2)C=C(C=O)C=C1N(=O)=O,2.2858965,4.0141435
SC1=CC=C(I)C=C1,13.310293,6.4749703
FC(F)(F)C1=CC=C(Br)C=C1I,6.9858775,7.9678226
CNC1=CC(I)=CC=C1,12.799236,7.8212876
IC1=CC=CC=C1C(=O)C1=CC=CC=C1,5.0835967,4.721938
CC(=O)NC1=C(OC(F)(F)F)C=C(I)C=C1,10.774724,6.6464987
NC1=C(Cl)C=C(I)C=C1Cl,12.410503,6.7652826
IC1=CC=C(CC(=O)N[C@H]2CCOC2=O)C=C1,9.422098,5.3606453
OC(=O)C1=CC(I)=C(C=C1)N1C=CC=N1,3.8609192,2.9768543
CC(C)C1=CC=CC(I)=C1,12.734628,5.0038433
CC1=CC=C(I)C(C(O)=O)=C1F,8.800094,9.05492
NC1=CC(I)=CC=C1Cl,12.982045,6.9020796
ClC1=CC=C(I)C=C1,13.787457,4.272209
ClC1=CC(Cl)=C(Cl)C(I)=C1,-0.8299177,1.7565228
CC1=CC(I)=CC(C(O)=O)=C1N,5.634803,3.7975855
OC1=C(C=O)C=C(Cl)C=C1I,1.5482113,4.9827347
OC1=C(I)C=C(Br)C=C1N(=O)=O,1.527947,4.436256
FC1=C(Cl)C=C(C=C1I)C(F)(F)F,-1.2139834,7.6333556
OC1=C(I)C=C(C=C1N(=O)=O)C#N,1.1891443,4.2681246
CC1=CC=C(C=C1I)C(O)=O,3.7701771,4.142369
NC1=CC(I)=CC(N)=C1,13.127128,7.872324
OC(=O)C1=C(I)C=C(F)C(Br)=C1,6.836834,8.277001
CCOC(=O)C1=C(I)C=C(Cl)C=C1,4.478984,2.0552964
BrC1=CC=C(I)C=C1,11.776034,2.9308348
IC1=CC=C(NC2=NC=CC=N2)C=C1,6.6716504,3.7355044
IC1=CC=CC(=C1)N1CCOCC1,11.17062,7.164792
NC1=CC(I)=CC=C1Br,12.381971,6.2947526
COC1=CC(I)=CC(OC)=C1OC,11.693623,6.4066567
CC(=C)C1=CC=C(I)C=C1,12.601515,6.172783
CC(C)(C)OC(=O)N1CCC[C@H]1C1=NC=C(N1)C1=CC=C(I)C=C1,7.9389,6.4084163
CC1=CC(I)=CC(C)=C1Br,11.168366,3.1576707
IC1=CC=C(CN2C=CN=C2)C=C1,11.129413,5.116479
COC1=C(I)C=C(C=O)C=C1,1.8756593,5.5115204
IC1=CC(CC2=CC=CC=C2)=CC=C1,10.401328,5.2336903
BrC1=CC=C(I)C2=C1C=CC=C2,4.412567,4.712052
OC1=CC=C(Cl)C=C1\C=C\C1=C(I)C=CC=C1,5.6400676,5.088604
FC(F)(F)C1=CC(I)=C(Br)C=C1,-1.3556926,1.0056742
IC1=CC=C(C=C1)N=C=O,13.839379,5.1576915
FC(F)(F)C1=CC(I)=C(Cl)C=C1,-0.5552999,2.2372553
COC(=O)C1=C(O)C(I)=CC(Br)=C1,2.4919035,5.4571924
CCOC(=O)C1=CC(I)=CC=C1N,5.690377,3.819111
COC(=O)CC1=CC=CC(I)=C1,11.73272,4.850978
OC1=CC2=C(C=CC=C2)C(I)=C1,4.081603,4.6417184
FC1=CC=CC(I)=C1CBr,6.1801796,8.709863
COC1=CC(=C(I)C=C1)S(F)(=O)=O,-0.7407934,3.0167818
OC1=CC2=C(C=CC=C2I)C=C1,3.886597,5.3492584
FC1=C(I)C=C(C=C1)C#N,-1.2946604,7.955458
FC(F)(F)C1=CC=C(I)C(CBr)=C1,5.9491935,8.272975
NC(=O)CC1=CC=C(I)C=C1,12.763457,4.8236713
COC(=O)C1=C(Cl)C=C(C)C(I)=C1,4.06208,4.358078
NCC1=CC(I)=CC=C1,13.131038,5.2266936
CC1=CC=C(C=C1)C1=CC=C(I)C=C1,10.476704,6.593524
CC1=C(I)C=C(C(O)=O)C(F)=C1,3.9430928,4.0469937
CCCCCC1=CC=C(C=C1)C1=CC=C(I)C=C1,8.182987,6.399702
CC(Br)C(=O)N(C)C1=CC=C(I)C=C1,10.375698,3.6715705
NC1=C(F)C=C(I)C=C1F,12.554565,7.302497
OC(=O)C1=CC(=CC2=C1C(I)=CC=C2)N(=O)=O,3.0044777,1.7538146
IC1=CC=C(CC#N)C=C1,12.5111065,4.3950167
IC1=CC=C(C=C1)N1CCC=C(N2CCOCC2)C1=O,7.3042192,4.9579525
COC(=O)C1=C(I)C=C(Br)C=C1,4.470425,2.4730365
CCOC(=O)CC1=CC(I)=CC=C1,10.913303,4.935143
COC(=O)C1=CC(I)=C(OC(F)F)C=C1,2.4405484,7.867051
OC(=O)C1=CC(I)=C(F)C(I)=C1,-0.19751976,7.0312085
COC1=CC(OC)=CC(I)=C1,12.469601,7.008168
CC1=CC(I)=CC(F)=C1,13.526359,4.0272937
FC1=CC(F)=C(C=C1I)C#N,-0.93389773,7.8152375
ClC1(Cl)CCCN(C2=CC=C(I)C=C2)C1=O,9.576029,5.2934093
COC1=CC([C@@H](O)C(C)(C)C)=C(C=C1I)N(=O)=O,2.8686368,4.625022
BrC1=CC(I)=C(I)C=C1,-0.85836,0.88240635
IC1=CC=C(C=C1)C1(CC1)C#N,11.984427,4.5025454
CC1=C(Cl)C=C(I)C=C1,13.449658,4.4963055
NC1=C(C(F)=C(I)C=C1)N(=O)=O,1.5254729,4.808585
OCC1=CC(I)=CC=C1,13.3547125,4.830944
OC(=O)C1=CC(I)=C(I)C(I)=C1,-0.4909614,0.53752387
CC1=CC=C(C)N1C1=CC=C(I)C=C1,7.7779746,3.4387083
CC1(C)OB(OC1(C)C)C1=CC=C(I)C=C1,9.1571665,5.3243876
COC1=C(F)C=CC(I)=C1,13.464495,6.0298758
COC(=O)C1=C(N)C=CC(I)=C1,5.732365,3.833977
COC1=C(I)C=C(Br)C=C1F,1.4763863,7.7925386
FC1=C(Cl)C=C(Br)C=C1I,-0.6643459,7.087115
CC1=C(C=C(Br)C=C1I)C(O)=O,4.19347,3.8619816
COC1=CC(N)=C(C=C1I)N(=O)=O,1.9635905,4.685978
CCOC(=O)C1=C(I)C=CC(Cl)=C1,4.440765,2.5543222
NC1=CC(=CC=C1I)N(=O)=O,2.0894783,4.18086
ClCC1=CC=C(I)C=C1,13.301998,4.051754
FC1=CC=CC=C1C(=O)C1=C(I)C=CC=C1,4.9832025,4.8629155
CC1=CC(=CC=C1I)C#N,8.169814,9.967756
FC1=C(F)C(I)=CC(Br)=C1F,-0.9524166,7.308123
CN(C)CCOC1=CC=CC(I)=C1,11.060359,6.883612
CC1=NC=CN1C1=CC=C(I)C=C1,11.702009,5.7861013
CC(C)(C)OC(=O)N[C@H](CC1=CC(I)=CC=C1)C(O)=O,8.064475,5.8328314
OC1=C(F)C(I)=CC(Br)=C1,-0.22146384,7.8224473
CC1=CC=C(NC(=O)C2=CSC=C2)C=C1I,6.1503706,4.965664
OC1=C(Cl)C=CC(I)=C1,13.486716,5.5430202
CCCOC1=CC(I)=CC=C1,11.885223,6.6298766
COC1=C(OC)C(I)=CC(C=O)=C1,2.4145224,5.433794
OC(C1=CC=CC=C1)C1=CC(I)=CC=C1,10.315884,5.076661
ClC1=CC=C(CBr)C(I)=C1,6.1179667,8.4648695
CCOC1=CC=CC(I)=C1,12.437767,6.674042
COC(=O)C1=CC(=CC=C1I)C(F)(F)F,4.373618,1.8519242
CC(=O)NC1=C(C=C(I)C=C1)C(F)(F)F,10.559654,6.481202
COC1=CC(N)=CC(I)=C1,12.725341,7.5608687
CP(C)(=O)C1=CC=CC=C1I,8.220066,9.806589
CN(CCC1=CC=CC=N1)CC1=CC(I)=CC=C1,8.671424,6.3451495
ClC1=CC(I)=C(Br)C=C1,-1.6631781,1.2777386
OC(=O)C1=C(I)C=CC=C1Cl,8.555484,8.614646
COC1=C(Cl)C=CC(I)=C1,12.956347,5.6109004
COC1=C(Br)C=CC(I)=C1,11.322836,3.4084947
ClCC1=CC(I)=C(CCl)C=C1,7.341924,9.402448
FC1=CC(F)=C(C=O)C=C1I,0.38870665,5.63357
OC1=C(C=C(I)C=C1)C1=CC=CC=C1,10.651368,7.462727
CC1=CC=C(I)C=C1C1=CC(I)=CC=C1C,8.70806,5.1323137
ClC1=CC=C(OC2=CC=C(I)C=C2)C=C1,10.022852,6.3119035
IC1=CC=CC2=C(I)C=CC=C12,4.2532115,5.124606
OC1=CC(=C(I)C=C1)N(=O)=O,2.1021535,1.5861895
COC(=O)C1=CC=C(I)C(=C1)C(F)(F)F,3.862309,1.3939624
BrC1=CC(I)=C(Br)C=C1,-1.795374,1.2363673
COC1=C(I)C=CC(C=O)=C1,2.207527,5.7070355
IC1=CC=C(C=C1)C1=CC=CC=C1,11.292079,6.0867724
CC1=CC=C(I)C(C)=C1N(=O)=O,3.2631137,3.060264
COC1=C(I)C=C(C2=CC=CC=C12)N(=O)=O,2.1365118,4.0143604
NC1=CC=C(I)C=C1C(O)=O,5.8441706,3.7164865
NC1=C(I)C=C(Cl)C=C1N(=O)=O,2.1310213,4.3114047
CCOC(=O)CC(=O)C1=C(I)C=CC=C1,5.1678243,4.7279434
COC(=O)C1=CC(I)=C(N)C(=C1)N(=O)=O,2.3408275,4.6245317
FC(F)(F)OC1=CC=C(I)C=C1,13.512009,4.716038
NC1=CC=C(C=C1)S(=O)(=O)NC1=CC=C(I)C=C1,9.470642,6.1935716
CC1=CC(O)=C(I)C=C1N(=O)=O,1.5375457,4.797852
FC(F)C1=CC=C(I)C=C1,13.42709,3.9645112
NC1=NC(=CS1)C1=CC=C(I)C=C1,7.3907375,3.390213
COC1=CC=CC(I)=C1,13.060781,6.7759237
OC(=O)CC1=CC=CC(I)=C1,12.922376,4.5893593
COC1=CC(I)=CC=C1I,11.49499,3.604917
NC(=O)C1=C(O)C=CC(I)=C1,5.885307,2.859515
CC(C)(C)OC(=O)CC1=CC(I)=CC=C1,9.543134,5.1535177
COC(=O)C1=C(I)C=CC=C1Cl,8.285199,8.907995
IC1=CC=C(C=C1)N1C2=C(C=CC=C2)C2=C1C=CC=C2,8.148032,4.413181
ClC1=CC=C(Br)C=C1I,-1.5722117,1.588556
OC1=CC=C(I)C=C1C(F)(F)F,12.516329,6.3909802
SC1=CC=C(I)C=C1Cl,13.170102,5.502464
ClC1=C(CC2=CC3=C(OCCO3)C=C2)C=C(I)C=C1,9.179217,7.021375
OC1=C(Br)C=C(I)C=C1,12.3596,5.1175647
CC(=O)C1=CC(I)=CC(C)=C1N,5.778485,3.626365
IC1=CC=C(I)C=C1,12.433597,3.4539325
CCOC(=O)C1=CC(Br)=C(I)C=C1,-0.8491556,1.4536706
OC(=O)C1=CC=C(I)C(F)=C1,0.49381024,5.81334
FC1=CC(I)=CC=C1,13.785521,3.9432614
CC1=C(F)C=C(C=C1I)C(=O)NC1CC1,5.172567,4.46452
OC(=O)C1=C(O)C=CC=C1I,4.793195,2.499323
COC(=O)C1=C(I)C=C(Br)C=C1C,6.6670914,7.9761786
BrC1=CC2=C(C=CC=C2)C=C1I,-2.1819975,2.940427
CC1=CC(=CC=C1)N(C1=CC=CC=C1)C1=CC=C(C=C1)C1=CC=C(I)C=C1,7.4588876,5.557971
FC1=C(F)C=C(I)C=C1,13.619888,4.039847
NC1=CC(=NO1)C1=CC=C(I)C=C1,8.05706,3.0528665
BrC1=CC=C(I)C=C1CC1=CC=C2OCCOC2=C1,9.303083,6.840198
COC(=O)C1=CC(Br)=C(I)C=C1,-1.2257743,0.94204
COC1=CC(I)=C(F)C=C1,0.09804184,9.979114
OC(=O)CC1=CC=C(I)C=C1F,12.222858,4.4006095
CCOC(=O)COC1=CC=C(I)C=C1C(=O)OC,7.275661,3.557026
CC(=O)OC1=CC=CC(I)=C1,12.525101,4.154802
CC1(C)OB(OC1(C)C)C1=CC(I)=CC=C1,9.071361,5.280793
OB(O)C1=CC=C(I)C=C1,13.247323,4.5173793
BrCC1=CC=C(Br)C=C1I,6.193235,8.2398405
CCN(CC)C(=O)C1=CC=CC(I)=C1,10.337271,4.7290006
NC1=CC(I)=CC(F)=C1,12.833732,7.3616123
OC(=O)C1=CC=C(Br)C=C1I,4.5114727,1.9631597
CCOC1=CC=C(C=C1)C(O)C1=CC(I)=CC=C1Cl,8.599304,6.029137
COC1=CC=CC(F)=C1C(=O)C1=C(I)C=CC(Cl)=C1,4.6612005,4.774411
IC1=CC=CC=C1C(=O)C1=NC=CC=C1,4.9001646,4.3181977
IC1=CC=C(NC2=CC(=O)CCC2)C=C1,7.088403,3.6771438
CC1=CC=C(I)C(=C1)N(=O)=O,2.3063529,1.1897637
COC(=O)C1=CC(I)=C(Cl)C=C1C,-0.9605181,2.321938
OC(=O)C1=C(Br)C=CC=C1I,6.9445577,8.128087
CC1=C(Cl)C(=CC=C1I)C#N,3.9428034,1.8944849
IC1=C(OC2=CC=CC=C2N(=O)=O)C=CC=C1,2.5730062,3.6056056
COC1=C(C=O)C(I)=CC=C1,3.543353,2.8058321
OC(=O)CCC1=CC(I)=CC=C1,11.908932,4.9460053
OC(=O)COC1=CC=CC(I)=C1,12.105385,5.3930006
OC1=C(Br)C=CC(I)=C1,11.398748,3.2772088
NC1=C(Br)C=C(I)C=C1Br,10.284804,3.136855
NC1=C(C=C(F)C=C1I)N(=O)=O,2.104854,4.339688
OC(=O)C1=C(I)C=CC(F)=C1Cl,8.251266,8.525353
FC1=C(F)C=C(I)C(I)=C1,-0.5651276,1.4197136
OCC1=CC(I)=CC(F)=C1,13.296836,4.0030947
CC1=CC=C(C)N1C1=CC=CC(I)=C1,10.579139,7.2653213
IC1=CC=CC(OCC#C)=C1,12.537937,6.0587983
CC(C)OC1=CC=CC(I)=C1,12.012989,6.767396
ClC1=CC=C(OC2=CC=C(I)C=C2)C=C1Cl,9.877377,6.2037153
OC1=C(I)C=C(Cl)C=C1I,2.829152,7.0615296
COC(=O)C1=CC2=CC=CC=C2C=C1I,5.2779756,3.7461345
CSC1=C(Br)C=CC(I)=C1,8.345191,1.2970489
CC(C)(C)C1=CC(I)=CC(Br)=C1,10.5408535,3.1595674
CC1=CC=C(C=O)C=C1I,3.4827259,3.7668774
COC(=O)C1=CC(I)=C(Cl)C=C1,-0.54043555,2.053827
NC1=C(OC2=CC(I)=CC=C2)C=CC=C1,10.429411,7.4943743
OC(=O)C1=CC2=C(C=CC=C2)C=C1I,5.1966467,3.6929448
CC1=CC(Cl)=CC(I)=C1,13.125593,3.9423032
COC1=CC(I)=C(F)C=C1Cl,-0.11102113,9.394926
NC(=O)NC1=CC(I)=CC=C1,12.360455,7.2560606
OC(=O)C1=C(I)C=CC=C1F,8.846907,9.144095
COC(=O)C1=CC=C(Cl)C=C1I,4.577941,2.1074166
FC1=C(C=CC=C1I)C#N,0.44548014,5.372721
OCC1=CC(I)=CC(Cl)=C1,12.785108,3.69211
OC(=O)C1=CC=C(I)C(=C1)C(F)(F)F,3.936515,1.190605
FC1=C(Cl)C=C(I)C=C1,13.362798,3.4985821
IC1=CC=CC(OCC2=CC=CC=C2)=C1,11.0094185,6.2120333
FC(F)C1=CC(I)=CC=C1,13.405273,4.085621
FC1=CC(I)=CC=C1Br,11.856005,2.4621928
COC(=O)C1=CC(COC2=CC=C(I)C=C2)=CC=C1,8.559359,6.131931
COC1=CC(Cl)=CC(I)=C1,12.689078,6.262602
COC(=O)C1=C(CBr)C=CC=C1I,6.1634946,8.03947
ClC1=CC(Br)=C(I)C=C1Cl,-1.2964207,1.1056634
BrCC1=CC=C(I)C=C1,11.008115,2.9054413
CC(C)(C)OC(=O)C1=C(F)C=CC=C1I,7.8209734,8.438243
CC1=C(I)C=C(C=C1)C#N,8.521621,9.931877
FC1=C(I)C=C(C=O)C=C1,0.621383,5.6394453
OC1=C(I)C=C(C=O)C=C1I,2.483422,6.2231364
CC1=CC=C(C)N1C1=C(F)C=C(I)C=C1,7.9134684,3.3980484
OC(=O)C1=CC(Br)=C(I)C=C1,-0.9135839,1.4262009
FC1=CC=C(I)C(Cl)=C1C=O,0.48383278,1.4258417
NC1=CC=C(I)C=C1C#N,5.389885,2.9584
CC(C)(C)[Si](C)(C)OC1=CC(I)=CC=C1,8.902583,5.70325
COC(=O)C1=C(F)C(Br)=CC=C1I,6.5585723,7.7677965
CC(C)(C)OC(=O)NC1=CC(I)=CC=C1,10.712666,6.5030913
NC1=C(I)C=C(C(=C1)C(F)(F)F)N(=O)=O,2.2695754,3.8908317
CC1=CC=C(C=C1)C(=O)C1=C(I)C=CC=C1,5.362237,5.0334134
COCCOC1=CC(I)=CC=C1,11.684958,6.6080165
FC1=C(C=O)C=CC=C1I,0.7395937,5.5227237
OC1=C(C=O)C=CC=C1I,1.8028125,5.057309
OC1=C(F)C=C(I)C=C1F,13.22597,5.5954843
FC1=C(Cl)C=CC(I)=C1,13.3821745,3.2972398
CC(=O)C1=CC(I)=CC=C1N,5.8056607,3.6202674
ClCC1=CC(I)=CC=C1,13.036178,4.1706185
IC1=C(C=CC=C1)C(=O)CC1=CC=CC=C1,5.000361,4.5102253
COC(=O)C1=CC(I)=C(Br)C=C1,-1.4318522,1.2611547
CN1C(C)=C(C(O)=O)C(=C1C1=CC=C(Cl)C=C1)C1=CC(I)=CC=C1,7.3793464,5.2228084
OC(=O)C1=C(I)C=CC(=C1)C(F)(F)F,4.165476,1.6808892
COC(=O)C1=C(OC)C=C(I)C(Cl)=C1,-0.49614507,1.627325
COC1=CC=C(I)C=C1C(O)=O,5.7169,2.6378143
FC1=CC=C(OC2=CC=CC(I)=C2)C=C1,11.432837,6.0647564
CCOC1=CC=C(CC2=CC(I)=CC=C2Cl)C=C1,8.726906,6.417357
CCN(CC)C(=O)C1=CC=C(I)C=C1,10.129439,4.7634597
IC1=CC=C(C=C)C=C1,13.211576,6.084684
BrC1=CC(Br)=C(Br)C=C1I,-1.8338162,0.6851746
CC1=CC(I)=CC(I)=C1N,6.70339,4.186896
CC(=O)C1=CC=C(I)C(Br)=C1,-0.23060158,1.0663456
IC1=CC=C(NC(=O)C2=CC=CC=C2)C=C1,7.036277,3.7986128
FC(F)(F)C(=O)NC1=CC=C(I)C=C1,11.151037,6.0985017
IC1=CC=C(C=C1)C(=O)N1CCCC1,10.589249,4.6541457
CC1=C(C(F)=CC=C1I)N(=O)=O,2.86946,2.5724006
OC1=CC(I)=CC=C1C1=C(O)C=C(I)C=C1,8.134075,3.7295856
OC(=O)C1=CC(Br)=C(Cl)C=C1I,4.1360345,1.916412
CC1=CC=C(I)C=C1Br,11.159579,2.8210201
BrC1=CC=C(C=C1)C(=O)C1=C(I)C=CC=C1,5.0580707,4.334554
CNC(=O)C1=CC=C(I)C=C1,7.7883515,1.9345905
CC(C)C1=CC(I)=CC(Br)=C1,10.630069,2.903513
FC(F)(F)C1=CC=C(I)C=C1,13.066864,3.2522836
SC1=CC=CC(I)=C1,13.240632,6.6191564
BrCC1=CC(I)=C(CBr)C=C1,4.5219145,3.6386962
IC1=C(C=CC=C1)N=C=S,8.750998,8.674006
OC(=O)C1=CC(OC(F)(F)F)=C(I)C=C1,1.0637344,5.4063225
NC1=CC(Cl)=CC(I)=C1,12.862288,7.133471
NC1=C(C=C(I)C=C1Cl)C(O)=O,6.0149236,3.5192518
FC1=C(I)C=CC(=C1)C#N,0.3145541,5.6524925
IC1=CC(OC2=CC=CC=C2)=CC=C1,11.382325,6.4055963
ClC1=CC(I)=CC=C1Br,11.458204,2.0902562
OC(=O)C1=C(C=CC(I)=C1)N1CCOCC1,7.7612495,3.1217732
COC1=CC(C=O)=C(OC)C=C1I,2.4349344,5.953209
OCC1=CC(=C(I)C=C1)N(=O)=O,2.4157894,1.1932032
NC1=CC(I)=C(C=C1)N(=O)=O,2.9450824,1.35698
CC(=O)SCC1=CC(I)=CC=C1,11.470539,4.7649865
COC1=C(O)C(I)=CC(\C=N\NC(=O)C2=CC=CC(F)=C2)=C1,6.107656,6.109971
FC(F)C1=C(Br)C=CC(I)=C1,11.266775,2.3693182
COC(=O)C1=C(I)C=CC=C1Br,6.6054134,8.167457
IC1=C(C=CC=C1)N(=O)=O,2.2639909,0.774373
OC1=C(Cl)C=C(I)C=C1Cl,12.38123,4.9242287
ClC1=C(Cl)C=C(I)C=C1,12.923864,3.0381088
NC1=C(C=O)C=C(I)C=C1,5.8603525,3.4174635
CCCCCCCC(=O)OC1=C(I)C=C(C=C1I)C#N,5.754693,6.286189
COC1=C(F)C=C(I)C=C1F,13.029452,5.458325
FC1=CC=C(C=C1I)C(F)(F)F,-1.1684357,7.8959675
NC1=CC(I)=C(C=C1)C#N,11.31991,7.848218
CC1=C(C=C(I)C(Br)=C1)C(O)=O,-1.7272128,1.3458796
OC1=C(I)C=C(C=C1C=O)N(=O)=O,0.9745745,4.718597
NC1=C(C=C(I)C(F)=C1)N(=O)=O,1.3391811,5.1640306
CN(C)C(=O)C1=CC=C(I)C=C1,11.511893,4.757074
CC1=CC(N)=C(C=C1I)N(=O)=O,2.8414018,3.9241343
CC1=C(I)C=CC=C1N(=O)=O,3.0799782,2.8491263
COC1=CC(F)=CC(I)=C1,12.553849,6.6242056
ClCC1=C(Br)C=CC(I)=C1,10.930877,2.4601305
NC(=O)C1=CN=C(OC2=CC=C(I)C=C2)C=C1,9.669856,5.498798
FC1=C(I)C=CC(Cl)=C1C=O,0.50398743,5.3897123
OC(=O)C1=CC(I)=C(Br)C=C1,-1.1255097,1.1116958
ClC1=CC=C(I)C=C1CC1=CC=C(O[C@H]2CCOC2)C=C1,8.109507,6.169816
OC1=C(I)C=CC(=C1)N(=O)=O,1.6826762,4.786849
CN(C)C1=CC(F)=CC(I)=C1,12.085516,7.26262
OC1=CC(I)=CC(O)=C1,12.702461,7.013782
FC1=CC=C(C=C1)C(=O)C1=C(I)C=CC=C1,5.246229,4.569522
ClC1=CC=C(C=C1)C(=O)C1=CC=CC=C1I,5.4557524,4.6871104
CCCCCC1=CC=C(C=C1)C(=O)C1=CC=CC=C1I,5.8143525,5.1848655
CC1=C(C)C=C(C(I)=C1)N(=O)=O,2.284146,1.2449299
COC1=CC(C=O)=CC(I)=C1OC(C)=O,2.6626518,5.194161
CC1=C(C=C(I)C(Cl)=C1)C(O)=O,0.13309067,1.7810931
ClC1=CC=CC(I)=C1,13.468432,3.6460674
IC1=CC=C(OC2=NC=CC=N2)C=C1,7.1790385,2.6606874
IC1=CC=C(C=C1)N1C=CN=N1,11.520567,4.47989
CC(C)(C)NC(=O)C1=CC=C(I)C=C1,8.233359,2.9580417
FC(F)(F)C(F)(C1=CC=C(I)C=C1)C(F)(F)F,12.048802,3.0563781
CS(=O)(=O)NC1=CC=C(I)C=C1F,11.338166,4.579549
IC1=C2C=CC3=CC=CC4=C3C2=C(C=C1)C=C4,4.4581056,5.357269
BrC1=C(Br)C=C(I)C(I)=C1,-1.3538601,0.7777033
FC(F)(F)C1=CC=C(CBr)C(I)=C1,4.115709,3.3399894
OB(O)C1=CC(I)=CC=C1,13.08223,4.6874437
IC1=CC=C(C=C1)C(=O)NCC1CC1,8.43705,2.9048107
CC1=CC(C=O)=C(C)C=C1I,3.3952649,3.6140876
CC1=C(Br)C(F)=CC(I)=C1,11.452524,2.610466
OC(=O)C1=CC=C(I)C(F)=C1F,-1.3610275,7.756963
COC(=O)C1=C(C(=O)OC)C(I)=CC=C1,4.3776712,3.0151534
CC(C)C1=CC=C(I)C(=C1)N(=O)=O,2.2895443,1.4547157
FC1=C(I)C=CC(Br)=C1C#N,0.5630476,5.082427
BrC1=C(I)C=CC(=C1)C#N,-0.8177366,1.1203732
OC1=CC(C=O)=C(I)C=C1,3.193456,3.989851
FC(F)OC1=CC(I)=CC=C1,12.965551,4.2377963
CC1=CC(Br)=CC(I)=C1,10.90294,2.6777878
CCCNC(=O)C1=CC=C(I)C=C1,8.285652,2.5489118
BrCC1=CC(I)=CC=C1,11.069343,2.4465373
COC(=O)C1=C(Cl)C=C(Cl)C(I)=C1,0.035802953,1.3438182
OC1=C(I)C=C(I)C=C1I,2.9707294,6.8372827
CN(C)C(=O)C1=CC(I)=CC=C1,11.192238,4.5850325
OS(=O)(=O)C1=C(I)C=CC=C1,-0.2746177,2.969321
CC(=O)NC[C@H]1CN(C(=O)O1)C1=CC=C(I)C(F)=C1,4.678561,7.687838
FC1=CC=CC(I)=C1C=O,3.0458534,2.6010506
FC1=CC(C=O)=C(I)C=C1,3.1152859,3.1724875
COC(=O)C1=C(F)C=C(Cl)C(I)=C1,0.2696452,1.7272314
ClC1=CC=C(C=C1)C1=CC=C(I)C=C1,10.330654,5.9840717
ClCC(=O)NC1=CC(I)=CC=C1,11.540779,5.7744417
BrC1=C(CC#N)C=C(I)C=C1,10.920458,2.8244443
BrC1=CC(I)=C(Br)C=C1I,-1.5443643,0.8506739
FC1=CC(I)=CC=C1NC(=O)N(C1CC1)C(=O)CC#N,9.064522,5.999539
OC1=C(I)C=C(C=C1I)N(=O)=O,1.4744937,4.0217423
OC1=CC(I)=CC(F)=C1,13.224956,6.4151716
OC[C@H]1N=C(O[C@@H]1C1=CC=C(I)C=C1)C1=CC=CC=C1,8.403272,5.8401566
OC(=O)C1=C(I)C=CC(Br)=C1F,6.4058723,7.4062634
COC(=O)C1=CC(I)=C(C=C1)C(=O)OC,4.2475843,2.0586362
IC1=CC=CC(=C1)C1=CC=CC=C1,11.20236,5.6189027
IC1=CC=CC(=C1)N=C=O,13.620797,4.3786616
CCOC(=O)C1=C(O)C=CC(I)=C1,6.0537543,3.105017
IC1=CC=C(C=C1)C#C,13.751585,5.124848
BrC1=CC=CC(I)=C1,12.127796,2.659473
CCOC(=O)C(=CNC1=CC=C(I)C=C1C)C(=O)OCC,7.588138,4.651935
OC(=O)C1=CC=C(Cl)C=C1I,4.5156245,1.5977094
NNC(=O)C1=CC(I)=CC=C1,12.906865,3.8692954
BrC1=CC=C(C=C1)C1=CC=C(I)C=C1,10.56095,4.7547145
FC1=C(Br)C=C(I)C=C1,11.6651535,2.5020075
COC(=O)C1=C(O)C=CC(I)=C1,5.9234667,3.0336962
CC(=O)C1=CC=C(I)C(F)=C1F,0.8491891,5.876516
FC1=CC(=C(I)C=C1)N(=O)=O,1.9716324,0.78908193
IC1=CC(=CC(=C1)C1=CC=CC=C1)C1=CC=CC=C1,8.211201,4.411134
CC1=CC=C(C=C1)S(=O)(=O)NC1=CC=C(I)C=C1,9.453869,5.426724
CCOC(=O)C1=C(I)C=CC=C1F,8.29169,8.843449
CC(C)NC(=O)C1=CC=C(I)C=C1,8.086338,2.5778713
BrC1=C(C=O)C=CC=C1I,-0.13057628,1.0623887
FC[C@H]1N=C(O[C@@H]1C1=CC=C(I)C=C1)C1=CC=CC=C1,8.629926,5.636033
CC1=CC(I)=C(C=O)C=C1,3.105567,3.245533
IC1=CC=C(C=C1)C(=O)NC1CC1,7.9478965,2.3022084
C[Si](C)(C)C#CC1=CC=C(I)C=C1,9.762641,5.7643065
OC(=O)C1=CC=C(Cl)C(I)=C1,-0.2267356,1.7059994
OC(=O)C1=CC(I)=C(I)C=C1,-0.6856501,1.1516222
COC(=O)C1=CC(=CC=C1I)C#N,4.3337216,1.0149344
BrC1=CC=CC(=C1)C1=CC=C(I)C=C1,10.365385,4.396302
FC(F)(F)C1=C(I)C=CC(=C1)C#N,3.851084,0.8114514
CS(=O)(=O)NC1=CC(=C(C=C1I)C#N)C(F)(F)F,3.608759,7.1393256
CC1=C(I)C=C(C=C1F)C(O)=O,4.0696144,3.9025302
IC1=CC=C(C=C1)C1=CC=C(I)C=C1,9.136992,5.089238
NC1=C(I)C=C(Br)C=C1N(=O)=O,2.2944715,4.586374
CCN1CCN(CC1)C(=O)C1=CC=C(I)C=C1,8.1864605,4.353187
COC1=C(OCC=C)C(I)=CC(C=O)=C1,2.8316388,5.413958
COC(=O)C1=C(I)C=C(C=C1)C(F)(F)F,4.1574802,2.0703504
IC1=CC2=C(C=C1)C1=C(C=CC=C1)C1=C2C=CC=C1,7.840276,3.5862212
OC(=O)C1=C(F)C=C(Cl)C(I)=C1,0.29389507,1.5183768
BrC1=C(Br)C=C(I)C=C1,10.789458,1.6905943
IC1=C(C=CC=C1)C#N,4.4914584,1.0317317
FC(F)(F)C1=CC(I)=CC=C1,13.123191,3.5216484
ClC1=CC=CC=C1C(=O)C1=C(I)C=CC=C1,5.2572274,4.7059517
FC1=CC(I)=CC=C1CC#N,12.499091,3.9877818
NC(=O)C1=CC=C(I)C=C1,7.6456156,1.5104985
COC(=O)C1=CC=C(I)C(=C1)C(O)=O,4.250944,1.4856145
IC1=CC2=CC=CC=C2C=C1,6.9415274,2.319258
CS(=O)(=O)NC1=CC(I)=CC=C1,11.629204,4.557075
FC(F)(F)OC1=C(Cl)C=C(I)C=C1,12.253391,2.5831928
NC(=S)C1=CC=CC=C1I,4.391187,3.7801144
IC1=CC(=CC=C1)C(=O)NCC1=CC=CC=C1,8.238398,3.8179066
ClC1=C(I)C=CC(=C1)C#N,-0.32872495,2.0141304
CC1=C(Cl)C=C(I)C=C1Cl,12.516642,2.915308
OC1=CC(I)=C(C=C1)N(=O)=O,2.819652,0.6666277
CC1=C(C=C(C=C1I)N(=O)=O)C(O)=O,3.0554361,1.7833076
CC1=C(C)C=C(C=O)C(I)=C1,3.1707165,3.4140341
IC1=CC=CC(=C1)C(=O)N1CCCC1,10.476663,4.728396
IC1=CC=CC(C=C)=C1,13.590624,6.0084987
NC1=C(I)C=C(I)C=C1N(=O)=O,2.3729024,4.4578857
IC1=CC=C(C=C1)C(=O)N1CCOCC1,9.941521,5.033903
COC1=CC(Br)=CC(I)=C1,11.401273,3.9674232
FC1=C(I)C=CC(C=O)=C1,0.7691248,5.6499887
NNC(=O)C1=CC=C(I)C=C1,12.890016,3.5608242
ClC1=CC(=CC(Cl)=C1I)N(=O)=O,0.21922956,0.47963527
CC(C)(C)C1=CC(I)=CC(C=O)=C1O,6.0874166,3.2852805
ClC1=C(Br)C=C(I)C=C1,11.144879,2.2344532
OC1=C(Br)C=C(I)C=C1Br,10.535891,1.9953566
CC(C)NC(=O)C1=CC=CC(I)=C1,7.9047537,2.957866
COC(=O)COC1=CC(I)=CC=C1,11.806693,6.2205725
COC1=C(C=C(I)C=C1)C#N,5.5614605,2.1678243
COC1=C(OC)C(=CC(I)=C1)C(O)=O,6.9715085,2.9942093
OCC1=CC(Br)=CC(I)=C1,10.924366,2.630291
OC(=O)C1=C(F)C=C(Br)C(I)=C1,-0.3351475,1.1779
COC1=CC(=CC(I)=C1)C(F)(F)F,12.05052,5.625174
COC(=O)C1=C(F)C=C(I)C(Br)=C1,-0.917367,0.8526737
FC(F)(F)OC1=CC=C(I)C=C1Br,11.174736,1.9117535
COC(=O)C1=C(O)C=C(I)C(Cl)=C1,0.10185655,1.3715491
NC1=C(I)C=C(C=C1N(=O)=O)C(F)(F)F,2.013892,4.3741527
FC(F)(F)S(=O)(=O)OC1=CC=CC=C1I,1.7018441,7.2330317
IC1=CC=C(C=C1)C1=NC=CO1,7.2800817,1.9029871
FC1=C(C=C(I)C=C1)C(F)(F)F,13.087158,3.2491884
COC1=C(C=C(Cl)C(I)=C1)C(O)=O,-0.03385026,1.5637661
FC1=C(CBr)C=C(I)C=C1,10.967081,2.5578895
CC(C)(C)OC(=O)NC1=CC(Br)=CC(I)=C1,9.120424,5.899922
NC1=CC(I)=CC(Br)=C1,12.35355,6.4516854
COC1=CC(I)=CC(C=O)=C1O,5.8467073,2.627428
OCC1=CC(I)=CC(=C1)C(F)(F)F,12.1179085,3.999939
CC(=O)C1=CC(I)=C(Br)C=C1,-0.28254917,1.1450604
CNC(=O)C1=CC=CC(I)=C1,7.5151324,2.433347
IC1=CC=C(C=C1)C(=O)NC1CCCCC1,8.615498,2.9063513
CC(C)(C)OC(=O)N1CCN(CC1)C(=O)C1=CC=C(I)C=C1,7.695889,5.740046
COC(=O)C1=C(C)C=CC(I)=C1,6.5911884,2.2211788
OC(=O)CCCCCNC(=O)C1=CC(I)=CC=C1,8.277709,4.9404426
COC1=CC(I)=C(C=C1I)N(=O)=O,2.8392303,0.59720933
CSC1=CC=C(I)C(=C1)C#N,4.618534,1.9891073
BrCC1=CC(CBr)=CC(I)=C1,8.926312,1.4152005
CON(C)C(=O)C1=CC=C(I)C=C1,10.764669,4.6128955
FC1=CC=CC(F)=C1C(=O)C1=C(I)C=CC(Cl)=C1,4.6755404,4.3853827
BrCC1=C(Br)C=CC(I)=C1,10.463648,1.7588038
FC(F)(F)C1=CC(I)=CC=C1I,10.198092,2.712769
CC1=CC(I)=C(C=C1)N(=O)=O,2.5587897,0.9588372
OC(=O)C1=CC(I)=C(C=C1)C(F)(F)F,3.7887676,1.4480766
IC1=CC=C(C=C1)S(=O)(=O)N1CCCC1,8.461181,3.032343
OC1=CC=C(I)C=C1C=O,5.7287574,2.52033
ClC1=C(CBr)C=CC(I)=C1,11.102297,2.2003784
IC1=CC=C(C=C1)C(=O)NCC1=CC=CC=C1,8.469529,3.2984865
FC(F)(F)C1=C(Cl)C=CC(I)=C1,12.38911,2.8723032
IC1=CC(CC#N)=CC=C1,12.611574,4.2929177
NCCOCCOCCNC(=O)C1=CC=C(I)C=C1,8.0522,5.3410025
CC1=C(I)C=C(Cl)C=C1N(=O)=O,3.133189,1.8455983
COC1=C(Br)C=C(I)C=C1Br,10.567428,1.7862484
OCC1=C(Cl)C=C(I)C=C1Cl,11.87887,2.5790498
FC1=CC(I)=CC(F)=C1,13.421378,3.078458
FC1=C(F)C(NC2=CC=C(I)C=C2Cl)=C(C=C1)C(=O)NOCC1CC1,7.072316,5.1513143
IC1=C(C=O)C=CC=C1N(=O)=O,2.4586723,1.4911635
OC(=O)C1=C(I)C=CC(=C1)C#N,4.3755116,1.2573876
OC(=O)C1=CC=C(CBr)C(I)=C1,3.835226,3.3493168
COC1=C(Cl)C(I)=CC(I)=C1Cl,-0.6917966,1.13469
NNC(=O)C1=C(O)C=CC(I)=C1,5.8537507,3.2558498
BrC1=C(I)C=CC(C=O)=C1,0.12819116,0.9948244
NC(=O)C1=CC(I)=CC=C1,7.1553774,2.0427258
CC(C)(C)OC(=O)C1=CC(I)=CC=C1,7.027169,2.3187027
COC1=C(C=O)C=C(I)C=C1,5.797246,2.538267
CCNC(=O)C1=CC(I)=CC=C1,7.5576324,2.677492
IC1=CC=C(C=C1)C1=NC2=C(C=CC=C2)N1C1=CC=CC=C1,7.6881557,4.4454675
FC1=CC=C(I)C(=C1)C#N,3.8763952,0.96873146
IC1=CC=CC(=C1)C(=O)NC1CC1,7.3864307,2.801866
CC1=C(Br)C=C(I)C=C1Br,10.897279,1.537226
FC1=CC(Cl)=CC(I)=C1,13.104183,2.8028011
COC1=CC=C(C#N)C(I)=C1,10.126256,8.36239
FC(F)C1=CC(Br)=CC(I)=C1,11.651007,1.9297276
ClC1=CC=C(I)C=C1CBr,10.661315,2.2480578
FC(F)(F)C1=C(Br)C=CC(I)=C1,11.039999,1.9287784
ClC1=CC=C(I)C(=C1)N(=O)=O,2.080692,0.58164537
OC1=CC(Br)=CC(I)=C1,11.481538,3.4269671
CNC1=CC(=O)N(C2CC2)C(=O)N1C1=CC=C(I)C=C1F,7.9580464,4.176595
FC(F)(F)SC1=CC=C(I)C=C1,12.389018,2.910281
OB(O)C1=CC(Br)=CC(I)=C1,10.816418,2.5863433
NC1=C(C=C(I)C=C1I)C(O)=O,6.253372,3.7213378
COC1=C(Br)C=C(C(I)=C1)N(=O)=O,2.6100323,0.29882377
NC1=C(I)C=C(I)C=C1I,3.429277,7.0553794
BrC1=CC(=C(I)C=C1)N(=O)=O,2.0096047,0.60106725
IC1=CC=CC2=CC3=C(C=C12)C(I)=CC=C3,5.1117983,5.112879
FC1=CC(I)=CC=C1CBr,11.041661,2.3407493
OC(=O)CCCCNC(=O)C1=CC(I)=CC=C1,8.73051,4.8969226
BrC1=C(C=CC(I)=C1)C#N,6.804753,0.1536119
FC1=CC(=CC=C1)C(=O)C1=C(I)C=CC=C1,5.060629,4.4884543
OC(=O)C1=CC=CC(I)=C1C(O)=O,4.1197724,2.1812027
IC1=CC=C(C=C1)C(=O)NC1CCN(CC2=CC=CC=C2)CC1,7.978411,5.014542
BrCC1=CC=C(I)C=C1Br,10.677002,1.8035383
CC1=C(N=NN1C1=CC=C(I)C=C1)C(O)=O,11.258953,4.0247817
CC(C)(C)OC(=O)C1=CC=C(I)C=C1,8.323634,2.5745502
CCC1=CC=C(I)C=C1C(O)=O,6.5929832,2.2076445
CC(C)(C)OC(=O)C1=C(O)C=CC(I)=C1,6.5690427,3.4677463
OC(=O)C1=CC(I)=CC=C1O,5.756974,2.5106192
OC(=O)C1=CC(=CC=C1)C1=CC=C(I)C=C1,7.184433,3.283817
FC1=CC(I)=CC(F)=C1F,13.271512,2.9921017
ClC1=C(I)C=C(C=C1)C#N,-0.62236035,1.9369613
COC(=O)C1=CC=C(I)C=C1N,7.0541763,2.0893419
BrC1=C(I)C=C(C=C1)C#N,-0.9932345,0.7841812
IC1=CC=C(OC2=C(C=O)C=CC=C2)C=C1,7.1339116,3.158925
FC1=C(Cl)C=C(I)C=C1Cl,12.51861,2.6001291
IC1=CC=CC(=C1)C(=O)N1CCOCC1,9.847659,4.6853776
CCOC(=O)C1=CC(I)=CC=C1C,6.5726275,2.4567192
OC(=O)C1=CC(I)=C(C=C1)C(O)=O,3.8167114,1.7682815
IC1=CC=C(C=C1)C1=CC=C(C=C1)C1=CC=C(I)C=C1,7.8848133,4.703076
IC1=CC=CC=C1C(=O)CC#N,4.533763,3.5590823
CC1=C(C(I)=CC=C1)N(=O)=O,2.418509,1.0623752
ClC1=CC(I)=CC(Cl)=C1,12.757192,2.457548
OC(=O)C1=C(F)C=C(I)C(Br)=C1,-0.31148705,0.8912855
CCOC(=O)C1=CC=C(I)C=C1,12.198571,3.4655995
COC(=O)C1=C(F)C(F)=C(Br)C(I)=C1,-1.291008,0.99280685
IC1=CC2=CC=CC=C2C=C1N(=O)=O,2.671491,1.450517
OC1=CC=C(I)C=C1C#N,5.6763806,2.043129
COC(=O)C1=C(Cl)C=C(I)C=C1Cl,11.921673,2.2717388
COC(=O)C1=CC=CC(I)=C1,6.504202,1.6547534
CC(C)(C)NC(=O)C1=CC=CC(I)=C1,7.77737,3.0684626
CN(C)S(=O)(=O)C1=CC=C(I)C=C1,11.603271,3.7250376
CC1=CC(C=O)=C(I)C=C1,3.2073426,3.3642569
OC(=O)C1=C(I)C=C(C=C1)C(F)(F)F,4.385321,1.7785424
FC1=C(F)C(C=O)=CC=C1I,0.7878936,5.726257
BrC1=C(I)C=CC=C1N(=O)=O,0.5399232,0.89123595
COC(=O)C1=CC=C(I)C=C1,12.711345,3.3618274
CN(C)C1=CC=C(CNC2=CC=C(I)C=C2)C=C1,8.96623,7.2663918
CCCNC(=O)C1=CC=CC(I)=C1,7.7033367,3.1054847
FC1=C2C=CC=CC2=CC(I)=C1,12.873392,6.548077
CCOC(=O)C1=C(F)C=CC(I)=C1,6.3093724,1.9507383
C[C@@H]1CN(CCN1S(=O)(=O)C1=CC=C(I)C=C1)C(=O)C1=CC=CC=C1,7.844392,4.8045263
CN1C(=O)C(C)=CC(C(=O)NOCCO)=C1NC1=C(F)C=C(I)C=C1,7.513451,5.042224
CC1=CC(F)=C(I)C=C1N(=O)=O,0.5123191,5.205167
OC1=C(Cl)C=C(I)C=C1I,9.568439,3.0733612
ClC1=CC(C#N)=C(I)C=C1,4.050727,0.99044347
COC(=O)C1=CC(I)=CC(N)=C1,7.102592,2.6926072
IC1=CC=C(C=C1)N1C=NN=N1,12.066304,3.979203
CC(C)(C)OC(=O)C1=CC(I)=CC=C1Cl,7.4814386,2.2708244
CC1=C(C=C(I)C=C1)C(O)=O,6.3789697,2.0093608
BrC1=C(I)C=C(C=O)C=C1,-0.082060136,1.127383
CCOC(=O)C1=CC(=C(I)C=C1)N(=O)=O,2.7644887,0.8227368
NC1=CC(=O)N(C2CC2)C(=O)N1C1=CC=C(I)C=C1F,8.244345,3.9087305
NC1=C(C=C(I)C(Cl)=C1)N(=O)=O,1.0576011,2.4527812
FC1=CC(I)=CC=C1C(F)(F)F,12.777493,3.0409865
BrC1=CC=C(C=O)C(I)=C1,3.367253,2.4074519
NNS(=O)(=O)C1=CC=C(I)C=C1,12.003665,3.3623607
FC1=CC(I)=CC(F)=C1Br,11.886222,2.007114
BrCC1=CC=C(C=C1I)C#N,3.5509655,2.4822242
O[C@@H]1CCN(C1)S(=O)(=O)C1=CC=C(I)C=C1,10.852993,3.9119945
OCCONC(=O)C1=CC=C(F)C(F)=C1NC1=CC=C(I)C=C1F,7.1209664,4.9240675
CC1=C(I)C=C(NC(=O)C2=CC=NC(Cl)=C2)C=C1,6.5170016,4.2661147
OC1=C(C(I)=CC=C1)N(=O)=O,2.767725,0.5489868
FC1=CC=C(C(I)=C1)N(=O)=O,2.783904,0.5129826
CC(=O)OC1=C(I)C=C(C=O)C=C1I,3.3959475,5.1989183
FC(F)(F)C1=CC(Br)=CC(I)=C1,11.512351,1.7410315
NC(=O)C1=C(Br)C=C(I)C=C1,11.213285,2.4993691
IC1=CC(=CC=C1)N1C=CN=N1,12.121808,3.8725314
OC[C@@H](O)CNC(=O)C1=C(NC2=CC=C(I)C=C2F)C=NC=C1,7.1578245,4.9296703
COC1=CC(=CC(I)=C1)C(O)=O,6.879323,1.876478
NC(=O)C1=CC=C(I)C(=C1)N(=O)=O,2.5579326,0.6289706
COC(=O)C1=CC(I)=CC=C1Br,7.9693837,1.1005914
ClC1=C(I)C=C(C=O)C=C1,0.23650472,1.3954487
NC1=C(C=C(I)C=C1)C(=O)C1=CC=CC=C1,5.7442703,3.7074735
FC(F)(F)C1=CC=C(I)C(C=O)=C1,3.1038668,2.325943
NC1=NN=C(S1)C1=C(Cl)C=C(I)C=C1,7.8223004,3.218311
COC(=O)C1=C(F)C=CC(I)=C1,6.0361824,1.7297721
FC(F)(F)C(=O)CC1=CC=C(I)C=C1,7.336938,2.6192935
CNS(=O)(=O)C1=CC=C(I)C=C1,11.8269205,3.482858
ClC1=CC2=C(C=C1)C=C(I)C=C2,6.798589,2.2368665
ClC1=CC(I)=CC(Cl)=C1Br,11.078455,1.5266587
COC(=O)C1=C(I)C=C(C=C1)C(O)=O,3.670868,1.9480368
BrC1=CC2=CC=C(I)C=C2C=C1,7.56383,1.7685444
FC(F)(F)C1=CC=C(I)C=C1Cl,11.995879,2.6562405
BrC1=CC=C(I)C(=C1)C#N,3.997273,1.1927526
FC(F)(F)OC1=CC(Br)=CC(I)=C1,11.304884,1.8074404
CNC(=O)C1=C(F)C=C(I)C=C1,7.8758655,1.613064
IC1=CC(I)=CC=C1,11.647889,3.4256263
COC1=C(C(I)=CC=C1)N(=O)=O,2.362456,1.6169239
NS(=O)(=O)C1=CC=C(I)C=C1,12.240474,3.5500643
COC(=O)C1=CC=C(I)C=C1C,12.514184,3.797181
CC(=O)C1=CC(I)=C(C=C1)C(O)=O,3.7513714,2.170489
CC1=CC(C)=C(C=C1I)N(=O)=O,3.0296166,2.396297
CC1=C(C=C(I)C=C1)C#N,5.736419,1.5417204
OC1=CC2=C(C=C1)C(=O)C(OC1=CC=C(I)C=C1)=CO2,6.844376,4.574033
FC(F)(F)OC1=CC=C(I)C(=C1)N(=O)=O,1.9788177,0.81287307
IC1=CC=CC(OC2=NC=CC=N2)=C1,7.29362,2.4376879
FS(F)(F)(F)(F)C1=CC=CC(I)=C1,6.359216,1.5821818
OCC1=CC(I)=CC(I)=C1,10.981998,3.2481008
FC(F)(F)C1=CC=C(I)C=C1Br,11.443221,2.0318124
FC1=CC(I)=C(C=C1)C#N,9.129716,8.576696
CC1=CC(I)=CC(I)=C1,11.198946,3.3322906
COC1=C(C(O)=O)C(I)=CC=C1,9.631109,8.599568
ONC(=O)C1=CC=C(I)C=C1,7.4895015,1.1359962
BrC1=CC(I)=CC(Br)=C1,10.917285,1.5741059
CCNS(=O)(=O)C1=CC=C(I)C=C1,11.459359,3.7170513
CC1=CC(=CC(I)=C1)C(O)=O,6.4251037,1.655654
NS(=O)(=O)C1=CC=CC(I)=C1,11.988689,3.9323277
FC1=C(Cl)C=C(I)C=C1C(F)(F)F,12.592266,2.5504124
FC1=CC(I)=CC(Br)=C1,11.862331,2.0619762
COC(=O)C1=C(Cl)C=CC(I)=C1,6.5751467,1.5916563
CS(=O)(=O)C1=CC=CC(I)=C1,11.923793,3.682117
BrC1=CC=C(C=C1)C1=CC=CC(I)=C1,10.444205,3.5507438
CCOC(=O)C1=CC=CC(I)=C1,6.5810013,1.8811085
OC(=O)\C=C/C(=O)NC1=CC=C(I)C=C1,6.4539886,3.17982
CCOC(=O)C1=C(Br)C=CC(I)=C1,8.371662,1.3749564
OC(=O)C1=C(I)C=C(I)C=C1I,9.38575,2.365703
FC1=C(Cl)C(C=O)=C(I)C=C1,3.1614528,2.330995
FS(F)(F)(F)(F)C1=CC=C(I)C=C1,12.208311,2.8372667
COC(=O)C1=CC(=C(I)C=C1)N(=O)=O,2.6559408,0.50589716
IC1=C(C=O)C=CC=C1,2.9357882,3.0571582
OC(=O)C1=CC=C(I)C(=C1)N(=O)=O,2.6664562,0.4941471
BrC1=C(C=O)C(I)=CC=C1,3.1928058,2.566053
ClC1=C(C=O)C(I)=CC=C1,3.1695657,2.61041
FC1=C(Br)C=C(C(I)=C1)N(=O)=O,2.5737247,0.54238474
FC1=C(C=C(Br)C=C1I)C#N,0.2900884,5.4749255
IC1=CC=C(C=C1)C(=O)OCC1=CC=CC=C1,8.463251,3.10627
BrC1=CN=C(OC2=CC=C(I)C=C2)N=C1,8.438048,2.1675248
IC1=CC=C(OC2=CC=C(C=C2)C#N)C=C1,10.371774,5.2508774
COC(=O)C1=CC=C(I)C=C1OC,7.7250805,1.7519692
OC1=CC(I)=C(C=O)C=C1,2.7442055,3.276534
IC1=CC=C(NC(=S)NC(=O)C2=CC=CC=C2)C=C1,7.2671638,4.390082
OC(=O)C1=CC(I)=CC(I)=C1O,6.1375694,2.5104196
BrC1=CC=CC(I)=C1C#N,4.0299788,0.8552957
ClC1=CC(Br)=CC(I)=C1,11.546301,1.7122746
CS(=O)(=O)C1=CC=C(I)C=C1,12.081155,3.7215538
NC1=CC(I)=CC(I)=C1,12.0961275,6.1395626
CCC(=O)C1=CC=C(I)C=C1,7.6370153,1.5483049
NC1=CC(I)=CC(=C1)C(O)=O,7.0512595,2.0549622
NC1=CC(I)=CC=C1C(O)=O,7.169907,1.6383752
ClC1=CC=C(I)C=C1I,10.422384,2.9643447
OC(=O)C1=CC=CC(I)=C1,6.4294057,1.6644434
OC(=O)C1=CC(I)=CC=C1F,5.9391913,1.5633618
FC(F)(F)C1=CC(Cl)=CC(I)=C1,12.452163,2.393638
COC(=O)C1=CC(I)=CC(O)=C1,6.987543,1.9157095
NC1=C(C=O)C=C(I)C=C1I,5.594454,3.13183
IC1=C(C=CC=C1C#N)C#N,3.500468,0.66869783
CC1=CC(=CC(I)=C1)C#N,5.9512305,1.1810747
COC1=C(OC)C(C=O)=CC(I)=C1,6.876094,2.6549292
OC(=O)C1=C(Cl)C=C(I)C=C1Cl,12.242263,2.424366
CC1=C(I)C=CC(=C1)N(=O)=O,2.8268263,2.7157817
OC(=O)C1=CC=C(I)C=C1,13.093268,3.4523985
COC(=O)C1=C(C)C(Cl)=CC(I)=C1,7.142565,1.7734382
OC(=O)C1=CC(I)=CC=C1Cl,6.400494,1.2526829
FC1=CC(F)=C(I)C=C1N(=O)=O,0.69695854,4.726392
OC1=C(I)C=CC=C1N(=O)=O,1.4490494,4.297302
COC1=C(I)C=CC(=C1)N(=O)=O,1.7765421,4.7511353
OC(=O)C1=CC(I)=CC=C1Br,7.464054,0.9378598
OC(=O)C1=C(NC2=CC=C(I)C=C2Cl)C(F)=C(F)C=C1,7.2428784,4.2220697
COC1=C(CC(=O)C2=CC=C(I)C=C2)C=CC=C1,7.9181314,3.7875032
OC[C@@H](O)CONC(=O)C1=C(NC2=C(F)C=C(I)C=C2)C(F)=C(F)C=C1,7.1172776,5.283709
CC(C)(C)OC(=O)C1=C(Br)C=C(I)C=C1,9.567932,2.3880835
FC(F)(F)C(=O)NC1=CC(I)=CC=C1,11.475197,4.9735637
FC1=CC(=CC(I)=C1)C(F)(F)F,12.872893,2.7051077
CC1=CC(I)=CC=C1C(O)=O,12.650594,3.5639706
FC(F)(F)C1=CC(=C(I)C=C1)N(=O)=O,2.4230895,0.27275398
ONC(=O)C1=CC(I)=CC=C1,6.6461043,1.8404772
CC(=O)C1=CC=C(I)C=C1,7.402506,0.94743645
OC(=O)C1=CC(I)=CC2=C1C=CC=C2,6.3579903,2.5145369
IC1=CC(=CC=C1N(=O)=O)C1=CC=CC=C1,2.4216137,0.9888508
CC(=O)C1=CC(I)=CC=C1O,5.865791,2.8202677
CC(=O)C1=C(Br)C=CC(I)=C1,7.96006,0.6105043
CCOC(=O)C1=CC(OC)=CC(I)=C1,7.3433094,2.4740129
COC(=O)C1=CC(OC)=CC(I)=C1,7.2141705,2.2226357
CC(C)(C)OC(=O)N(C(=O)OC(C)(C)C)C1=C(I)C=C(C=C1)N(=O)=O,5.47985,5.371235
OCCONC(=O)C1=C(NC2=CC=C(I)C=C2F)N2C=NC=C2C=C1,6.940183,5.1866965
OC1=C(F)C=C(I)C=C1I,10.049555,3.5027385
CC(=O)C1=CC(I)=CC=C1,6.7032704,1.6293163
CC1=C(C=C(I)C=C1Cl)C(O)=O,6.689277,1.4751672
CCOC(=O)C1=C(Cl)C=C(I)C=C1,11.853049,3.2537796
ClC1=C(C(I)=CC=C1)N(=O)=O,1.9621913,0.95873904
FC1=CC=CC(I)=C1C#N,4.244475,0.6818364
CC(C)(C)OC(=O)NC1=CC(=CC(I)=C1)C(O)=O,7.7539682,3.7564044
COC1=C(C=CC(I)=C1)C(O)=O,7.5957427,0.9725774
CC1=CC(I)=C(C)C=C1N(=O)=O,3.2688954,2.7617114
COC(=O)C1=C(CBr)C=CC(I)=C1,8.142587,1.3551998
FC1=CC=C(I)C(C#N)=C1F,3.7329795,0.5785599
COC(=O)C1=C(Cl)C=C(I)C=C1,11.749616,3.007477
COC(=O)C1=CC(=CC(I)=C1)C(=O)OC,7.148495,1.595298
CC1=CC=C(I)C=C1C=O,6.369033,1.669333
CCOC1=CC=C(C=C1)C(=O)C1=C(Cl)C=CC(I)=C1,7.4975195,4.092142
COC(=O)C1=C(O)C=C(I)C=C1,7.655163,0.7280043
IC1=CC=CC(=C1)C#N,5.5788217,1.0668446
COC(=O)C1=CC=C(I)C=C1F,7.1543183,0.86331815
ClC1=CC=C(C(I)=C1)N(=O)=O,2.2944217,0.41965717
COC(=O)C1=CC=C(I)C=C1C(=O)OC,7.716469,1.4669242
FC1=C(C(I)=CC=C1)N(=O)=O,2.3996348,0.8846258
OC(=O)C1=C(I)C=C(C=C1)C#N,3.411268,1.0384599
IC1=CC=C(C=C1)C(=O)CC1=CC=CC=C1,8.418648,2.6263406
FC1=C(Cl)C=CC(I)=C1C=O,3.3763201,2.4112675
COC1=C(C=O)C=C(Br)C=C1I,2.9191802,4.6853623
CCOC(=O)C1=CC=C(I)C=C1F,8.1258,1.1544133
CC1=CC=C(C=C1)C(=O)C1=CC(I)=CC=C1,7.9937334,3.0506754
OCC(=O)C1=CC=C(I)C=C1,7.4894032,0.30436742
FC(F)(F)C1=CC(=CC(I)=C1)C(F)(F)F,12.117833,2.2703831
OC(=O)C1=CC=C(I)C=C1O,7.564552,0.37214252
OC1=CC(I)=CC(I)=C1,11.516621,3.9876707
OCC1=C(I)C=C(C=C1)N(=O)=O,3.1519465,1.9466386
IC1=CC(C=O)=CC=C1C=O,2.8662257,2.3270555
FC1=C(C=O)C(I)=CC=C1Br,3.516805,2.2785096
CC(=O)C1=C(O)C=C(I)C=C1,7.371933,0.49626735
IC1=CC=C(\C=C\C2=CC=C(I)C=C2)C=C1,7.970503,4.012682
IC1=CC=C(I)C(=C1)C#N,6.0630054,0.7541769
FC1=C(C=C(I)C=C1)C#N,5.394872,1.1870116
COC(=O)C1=CC(I)=CC(Br)=C1,8.186712,1.2012801
CC(C)(C)[C@@H](CO)\N=C\C1=CC(I)=CC(I)=C1O,7.002108,4.670701
COC1=C(C=C(I)C=C1)N(=O)=O,5.023363,1.9761842
CC(C)(C)OC(=O)C1=CC(Br)=CC(I)=C1,8.530218,1.7630024
CC1=C(I)C=C(Cl)C(=C1)N(=O)=O,3.2369864,2.0665903
OC(=O)C1=CC(I)=CC(O)=C1,7.0463986,1.4331845
FC1=C(I)C=C(C=C1)N(=O)=O,0.75922954,4.727265
CNC1=CC=C(I)C=C1N(=O)=O,4.8423643,2.996616
ClC1=CC=C(\C=N\C2=CC=C(I)C=C2)C=C1,7.3323984,3.8795738
BrC1=C(C(I)=CC=C1)N(=O)=O,2.0095923,0.67162454
IC1=CC=C(C=C1)S(=O)(=O)C1=CC=CC=C1,7.86213,2.1207242
CC1=C(C=CC(I)=C1)C#N,12.588331,3.2817063
FC(F)(F)C1=CC(=CC(=C1)C1=CC=C(I)C=C1)C(F)(F)F,7.871653,3.4562404
COC1=CC(I)=CC(=C1N)N(=O)=O,4.9433966,2.9267876
OC(=O)C1=C(I)C=CC(=C1)N(=O)=O,3.7479198,0.8871976
CC1=C(N)C(=CC(I)=C1)N(=O)=O,5.0323005,2.7656095
FC1=CC=C(C=O)C(I)=C1,3.1407278,2.7703788
COC(=O)C1=C(Br)C=C(I)C=C1,8.600186,1.0130409
IC1=CC=C(C=C1)C(=O)CCCC#N,8.2435,2.2031817
IC1=CC(I)=CC(I)=C1,10.068184,2.5021408
CC1=CC=C(C=C1I)N(=O)=O,3.1980608,1.976064
FC(F)(F)C1=CC=C(C=O)C(I)=C1,3.0469255,2.3305926
COC(=O)C1=CC(I)=CC(F)=C1,6.488062,1.0520167
ClC1=C(C=C(I)C=C1)C(=O)C1=CC=C(O[C@H]2CCOC2)C=C1,7.515625,4.5146704
OC(=O)C1=C(NC2=CC=C(I)C=C2F)C=NC=C1,7.0726514,3.832379
COC1=CC(I)=CC=C1C#N,7.3077173,0.58950657
BrC1=CC(I)=C(C=C1)N(=O)=O,2.235017,0.7403101
COC(=O)C1=CC(I)=CC(F)=C1F,5.977457,1.2955991
OC(=O)C1=CC(I)=CC(Cl)=C1F,6.310452,1.1553633
OC(=O)C1=CC(Cl)=CC(I)=C1,6.6325912,0.83988917
IC1=CC=CC(=C1)N=C=S,7.1023364,1.8358024
BrC1=C(C=C(I)C=C1)C#N,5.740792,0.70101124
ClC1=C(C=C(I)C=C1)C#N,5.351458,0.7896354
COC1=CC(I)=C(C=O)C=C1,3.22173,3.1035955
CC1=CC(=C(N)C=C1I)N(=O)=O,3.6362908,2.937696
COC(=O)C1=CC(=CC(I)=C1)C(F)(F)F,6.878231,1.2764901
BrC1=CC(C=O)=C(I)C=C1,3.5394065,2.6405861
IC1=CC=C(C=C1)C#N,12.709956,3.4131684
IC1=C(C=C(C=C1)C#N)N(=O)=O,2.7423017,0.19408873
BrC1=C(I)C=CC(=C1)N(=O)=O,1.2123421,0.6198289
COC(=O)C1=C(I)C=CC(=C1)N(=O)=O,3.4482374,0.7429911
OS(=O)(=O)C1=CC=C(I)C=C1,12.354746,3.0502052
FC(F)(F)C1=CC=C(I)C(=C1)C#N,4.1347585,0.7094661
OC(=O)C1=CC(I)=CC(F)=C1F,6.256244,1.2491474
FC1=C(I)C=CC(=C1)N(=O)=O,1.0405535,5.474841
IC1=CC=C(C=C1)C(=O)CCCCC#N,8.479362,2.670012
IC1=CC(C=O)=CC=C1,6.5167236,1.0935633
CCOC(=O)CCC(=O)C1=CC=C(I)C=C1,8.412605,2.7923262
FC1=C(Br)C=CC(I)=C1C#N,3.6823745,0.6464554
ClC1=CC(I)=C(C=C1)C#N,4.0724883,0.6238365
COC(=O)C1=CC(Cl)=CC(I)=C1,6.7578993,1.2240404
CCOC(=O)C1=CC(I)=CC(Br)=C1,8.327755,1.5074368
FC(F)(F)C1=C(I)C=CC(=C1)N(=O)=O,3.3863425,0.4536561
COC(=O)C1=CC(I)=CC(=C1)C(O)=O,6.607359,1.1207565
FC1=CC=C(I)C=C1C=O,6.307198,1.4314502
OC(=O)C1=CC(Br)=CC(I)=C1,7.7704883,0.7143262
NC1=CC=C(I)C=C1N(=O)=O,5.0999465,2.802823
ClC1=CC=C(I)C=C1C=O,6.5921564,0.84993696
FC1=C(F)C(=CC(I)=C1F)N(=O)=O,0.87498474,4.6433835
FC1=CC=C(C=C1)C(=O)C1=CC=C(I)C=C1,8.453365,2.222061
OC(=O)C1=CC=C(I)C=C1F,6.9521117,0.5448867
COC(=O)C1=CC=C(I)C=C1C(F)(F)F,7.3492603,1.1033922
BrC1=CC=C(C#N)C(I)=C1,4.145253,1.1030601
OC(=O)CCC(=O)C1=CC=C(I)C=C1,8.3733835,1.7424768
IC1=CC=C(C=O)C=C1,7.089587,0.31087333
IC1=CC=CC(=C1)C(=O)C1=CC=CC=C1,7.61894,2.3154833
OC(=O)C1=CC(I)=CC(=C1)C(F)(F)F,6.527888,1.0129207
IC1=CC=C(C=C1)C(=O)ON1C(=O)CCC1=O,8.057277,1.7932655
BrC1=CC(I)=CC(I)=C1,10.5300045,1.8908222
OC(=O)CCCCC(=O)C1=CC=C(I)C=C1,8.721371,2.8059895
OC(=O)C1=C(C=C(I)C=C1)C(O)=O,6.7347546,0.6181699
COC1=C(C=O)C=CC(I)=C1,7.2954793,0.43502378
IC1=CC=C(C=C1)C1=CC=C(O1)C=O,7.2500114,2.9742641
FC(F)(F)C1=CC(I)=C(C=C1)N(=O)=O,2.3005,0.297276
ClC1=CC(=CC(I)=C1)C#N,5.858268,0.5379787
BrC1=C(C=O)C=C(I)C=C1,7.22938,0.67318517
NC1=CC=C2OC(=NC2=C1)C1=C(Cl)C=CC(I)=C1,7.368257,3.8329709
COC(=O)C1=C(I)C=C(C=C1)N(=O)=O,3.1544158,0.90607303
FS(=O)(=O)C1=CC=C(I)C=C1,5.835807,0.67513007
OC(=O)C1=C(Cl)C=C(I)C=C1,7.2621446,0.46136746
CC(=O)C1=CC(Br)=CC(I)=C1,8.174105,1.0130718
IC1=CC=C(C=C1)C(=O)C1=CC=CC=C1,8.566622,2.3428097
ClC1=CC(=CC=C1I)N(=O)=O,1.2032992,0.82929915
CCOC(=O)CC(=O)C1=CC=C(I)C=C1,8.507302,2.30831
IC1=CC(=CC=C1)C(=O)ON1C(=O)CCC1=O,7.6346908,1.8605263
FC1=CC=C(C=C1)C(=O)C1=C(Cl)C=CC(I)=C1,8.201063,2.8771775
FC1=CC(I)=CC(=C1)C#N,5.7272234,0.7702038
COC(=O)C1=C(C=C(I)C=C1)S(N)(=O)=O,6.8005733,0.9141243
CC1=C(C=C(I)C=C1)C(=O)C1=CC=C(S1)C1=CC=C(F)C=C1,7.202946,4.468279
OC(=O)C1=C(C=C(I)C=C1)C(F)(F)F,6.8319287,0.5928483
OC(=O)C1=C(Br)C=C(I)C=C1,7.8222637,0.41838744
OC(=O)C1=CC(I)=CC(I)=C1,10.4980755,2.9812596
CS(=O)(=O)C1=CC(=CC(I)=C1)S(C)(=O)=O,7.149439,0.9622925
OC(=O)\C=C\C1=CC=C(I)C=C1,6.845235,2.1871293
OC1=C(C=O)C=C(I)C=C1I,5.6663566,2.370009
CCOC(=O)CC(=O)C1=CC=CC(I)=C1,7.7313466,2.3586164
FC1=C(C=CC(I)=C1)C#N,6.068034,0.46891955
BrC1=C(I)C=C(C=C1)N(=O)=O,1.0298872,0.7553204
ClC1=C(C=CC(I)=C1)C#N,6.0534225,0.24381411
OS(=O)(=O)C1=CC=CC(I)=C1,12.044935,3.4205577
IC1=CC=C(C=C1)C(=O)C1=CC=CC=N1,8.251556,2.3340056
ClC1=C(I)C=C(C=C1)N(=O)=O,1.3205861,0.8709786
COC1=CC=C2OC(=O)C(=CC2=C1)C1=CC=C(I)C=C1,7.037056,4.108166
ClCC(=O)C1=CC=C(I)C=C1,7.748583,0.7959219
IC1=CC=C(C=C1)C1=CC2=CC=CC=C2OC1=O,7.4519124,3.9652193
OC(=O)C1=C(I)C=CC=C1N(=O)=O,3.370675,0.79259574
BrC1=CC(I)=CC(=C1)C#N,6.316306,0.60448813
FC1=CC(I)=CC(C=O)=C1,6.5809226,0.5161753
FC(F)(F)C1=CC(I)=C(C=C1)C#N,3.7335992,0.7504207
OC1=CC(OCC2=CC=CC=C2)=CC=C1I,4.3555827,9.394227
IC1=CC(=CC(I)=C1)C#N,10.548569,2.421424
IC1=CC=CC(=C1)C(=O)CC#N,7.0912366,1.5420624
CC1=CC=C(I)C=C1N(=O)=O,4.782331,0.6683823
BrCC(=O)C1=CC=C(I)C=C1,8.178176,0.83704585
IC1=CC(C=O)=CC(C=O)=C1,6.390619,0.4342426
CCOC(=O)C1=CC(I)=C(C=C1)C#N,3.2569485,0.9846408
OC1=C(C=O)C=CC(I)=C1,7.2974358,-0.030322919
BrCC1=CC=C(C=C1I)N(=O)=O,3.2980175,1.4987262
FC(F)(F)C1=C(C=C(I)C=C1)C#N,5.314209,0.45690405
FC(F)(F)C1=CC(I)=CC(=C1)C#N,5.747427,0.5018921
CC(C)(C)OC(=O)NC1=C(C=C(I)C=C1)N(=O)=O,6.814536,3.5701787
IC1=CC=C(C#N)C(I)=C1,10.362928,2.61829
BrC1=CC=C(C=C1)C(=O)C1=CC=C(I)C=C1,8.60078,2.135162
ClC1=CC=C(C=C1)C(=O)C1=CC=C(I)C=C1,8.096754,2.210485
IC1=CC(=C(I)C=C1)N(=O)=O,5.227417,0.20566538
OC(=O)\C=C\C1=CC=CC(I)=C1,6.2587037,1.8461789
BrCC(=O)C1=CC(I)=CC=C1,7.7289658,0.88665575
FC1=C(C=O)C=CC(I)=C1,7.140119,-0.19782211
IC1=CC=C(NC(=O)C2=CC=C(O2)N(=O)=O)C=C1,6.3838115,2.932257
OCC1=CC=C(I)C=C1N(=O)=O,4.8417077,0.4521255
IC1=CC(C=O)=CC(I)=C1,7.266882,0.78557765
ClC1=C(C=CC(I)=C1)C1=NN=C(Br)S1,8.540786,1.6783469
OCC1=CC(=CC(I)=C1)N(=O)=O,4.913783,0.30583522
COC1=C(C=CC(I)=C1)N(=O)=O,6.446854,-0.17174342
IC1=CC(C=O)=C(I)C(I)=C1,9.11796,2.000413
ClC1=C(C=C(I)C=C1)N(=O)=O,4.631126,-0.058116883
BrC1=C(C=C(I)C=C1)N(=O)=O,4.937516,0.034974013
BrC1=CC(C=O)=CC(I)=C1,7.626874,0.56800705
ClC1=CC=C2OC(=O)C(=CC2=C1)C1=CC=C(I)C=C1,7.575304,3.8949726
BrC1=CC(I)=CC=C1C=O,7.610419,0.08316289
NC(=O)C1=C(I)C=C(C=C1)N(=O)=O,3.1185694,1.067978
IC1=CC=C(C=C1)C1=CC=C(C=C1)N(=O)=O,6.484988,2.805879
FC1=C(C=C(I)C=C1)N(=O)=O,4.489471,0.4983772
FC(F)(F)C1=CC(C=O)=CC(I)=C1,6.68854,0.43693405
IC1=CC=C(OC2=CC=C(C=C2)N(=O)=O)C=C1,6.7452574,3.2992365
COC1=CC(=CC(I)=C1)N(=O)=O,5.036229,0.16903906
CC1=CC(I)=CC(=C1)N(=O)=O,4.8230915,0.27276435
CCOC(=O)C1=CC=C(C=C1)C(=O)C1=CC=C(I)C=C1,8.033802,3.3930864
OC1=C(C=C(I)C=C1)N(=O)=O,5.0697203,1.5712446
FC1=CC(I)=CC(F)=C1C=O,6.7940187,-0.29287922
CC1=C(C=CC(I)=C1)N(=O)=O,6.6832,-0.059711646
FC(F)(F)C1=CC(I)=CC=C1C#N,5.6820836,0.31817135
IC1=CC=C(C=C1)C(=O)C1=CC=CC(=C1)C#N,8.262846,2.4185338
IC1=CC=C(C=C1)\N=N\C1=CC=C(I)C=C1,8.0184555,2.9692276
ClC1=CC(I)=CC(Cl)=C1C=O,6.668244,-0.30326733
BrCC1=CC=C(I)C=C1N(=O)=O,4.826158,0.23227383
IC1=CC(=CC=C1)N(=O)=O,4.8395386,0.06759593
OC(=O)C1=CC(I)=CC(=C1)N(=O)=O,4.525917,-0.24380152
IC1=CC=C(C=C1)N1C(=O)C=CC1=O,5.562666,1.6138507
IC1=CC=CC(=C1)N1C=C(N=N1)C1=CC(=CC=C1)N(=O)=O,7.0352015,3.9142425
FC(F)(F)C1=C(C=O)C=CC(I)=C1,6.881162,0.001059158
CC(C)(C)OC(=O)CC1=CC(I)=CC=C1N(=O)=O,8.25678,2.4330685
CC1=NN=C(N=N1)C1=CC=C(I)C=C1,7.086008,1.304167
COC(=O)C1=CC=C(I)C=C1N(=O)=O,5.2622952,-0.11945679
FC(F)(F)C(=O)C1=CC=C(I)C=C1,7.0452924,0.03140862
IC1=CC=C(C=C1)N(=O)=O,6.544721,-0.24098718
IC1=CC=C(C=C1)C(=O)CC#N,8.021171,1.2880074
ClC1=C(C=CC(I)=C1)N(=O)=O,5.9597373,-0.33331117
OC(=O)C1=C(C=C(I)C=C1)N(=O)=O,5.0542045,-0.089651845
IC1=CC=C(C#N)C(=C1)C#N,5.1116905,0.19434646
OC(=O)C1=C(C=CC(I)=C1)N(=O)=O,5.668266,-0.24230394
ClC1=CC(I)=CC(=C1)N(=O)=O,4.706333,-0.17404872
COC1=CC2=C(C=C1OC)C(NC1=CC(I)=CC=C1)=NC=N2,7.4969087,4.94068
FC1=CC(I)=CC=C1N(=O)=O,6.256554,-0.46953785
BrC1=CC(I)=CC(=C1)N(=O)=O,4.77344,-0.15583976
FC1=CC(=CC(I)=C1)N(=O)=O,4.6479244,-0.24234778
FC(F)(F)C1=CC(=CC(I)=C1)N(=O)=O,4.419877,-0.291019
IC1=CC(=CC(I)=C1)N(=O)=O,5.0110717,-0.32952166
IC1=CC(=C(C=O)C=C1)N(=O)=O,5.7925787,-0.2644323
IC1=CC(=CC(=C1)C#N)N(=O)=O,4.2628484,-0.111097015
OC1=CC(I)=CC=C1N(=O)=O,6.5227313,-0.49352032
IC1=C(C=CC(=C1)N(=O)=O)C#N,3.5532784,-0.11631473
IC1=CC(=CC(=C1)N(=O)=O)N(=O)=O,4.1688986,-0.26430047
